uuid	legacy_id	name	parent_function_uuid	entry_date	parent_function_label
85d62046-5521-5150-aa23-799de39d44f9	79	Collecta		2026-04-27T09:20:57.716026+00:00	
8a551664-0197-561e-a7c4-985e3885ee36	80	Secreta		2026-04-27T09:20:57.716026+00:00	
78b14408-4168-5132-8907-0d8ff0e5125b	81	Prefatio		2026-04-27T09:20:57.716026+00:00	
61bad553-291a-5418-a85c-5cf985aa6bb6	82	Ad complendum		2026-04-27T09:20:57.716026+00:00	
67169a52-dd74-5251-996e-ad5d6452a2a4	83	Martirologium		2026-04-27T09:20:57.716026+00:00	
85d92a63-9de1-59ed-abd6-ff86c5ad0775	84	Canon missae		2026-04-27T09:20:57.716026+00:00	
20ecc68d-93aa-50ff-9a37-311ed2b9d8a5	200	Agnus dei		2026-04-27T09:20:57.716026+00:00	
5b862641-c068-53c9-b82a-60b7a1ab60c0	86	Communicantes		2026-04-27T09:20:57.716026+00:00	
c34b2b9d-1b4a-57b8-97f9-33382d9169a4	87	Super populum		2026-04-27T09:20:57.716026+00:00	
26be254c-b6f0-5ce7-9784-ae28ffc1422a	88	Benedictio		2026-04-27T09:20:57.716026+00:00	
e16effca-9eff-553d-b116-20153a6d66c0	89	Capitulum		2026-04-27T09:20:57.716026+00:00	
f242f6a7-5d4a-5aad-8f67-a367c3048a65	199	Sanctus		2026-04-27T09:20:57.716026+00:00	
8517d380-a8d8-5904-85dd-35bf401c37bb	91	Antiphona		2026-04-27T09:20:57.716026+00:00	
bc1353d6-76bf-5d6e-84ae-0c806c134972	92	Versus		2026-04-27T09:20:57.716026+00:00	
2792ddc3-0938-53de-be3f-ff309f6db55f	93	Psalmus		2026-04-27T09:20:57.716026+00:00	
742ef83f-bba0-578a-9fec-12dc4f381db9	94	Infra actionem	85d92a63-9de1-59ed-abd6-ff86c5ad0775	2026-04-27T09:20:57.716026+00:00	Canon missae
342b2ed6-243b-5c1c-9772-aedb00f7d356	95	Calendarium		2026-04-27T09:20:57.716026+00:00	
43ea80cf-0ff7-59ba-83fd-5ef68df59d86	96	Oratio		2026-04-27T09:20:57.716026+00:00	
a4f9903a-ed3a-5bca-9702-1162cee9c025	97	Exsultet		2026-04-27T09:20:57.716026+00:00	
5b1dd357-3f9c-53cf-adca-6e4964ed2c7a	98	Lectio		2026-04-27T09:20:57.716026+00:00	
ada618ca-d283-5de4-bfdc-93840701f781	99	Prophetia	5b1dd357-3f9c-53cf-adca-6e4964ed2c7a	2026-04-27T09:20:57.716026+00:00	Lectio
c03ce81f-69ce-5098-9404-731b9af7be5b	100	Post communionem		2026-04-27T09:20:57.716026+00:00	
8cbddc48-7f1b-5c37-aa0f-96e4734c1bc0	101	Ad populum		2026-04-27T09:20:57.716026+00:00	
4d3fb3a2-2289-59c5-89da-1d93e3378335	102	Exorcismus		2026-04-27T09:20:57.716026+00:00	
3f1bba8f-12d4-543a-a22f-9f6e7fc5aab2	103	Ordo paenitentiae		2026-04-27T09:20:57.716026+00:00	
682140b6-b70b-5e69-bb62-e4755de0de46	104	Ordo de feria quinta		2026-04-27T09:20:57.716026+00:00	
bef50eaa-709b-596b-b38b-e9f049c4026a	105	Ordo de feria sexta		2026-04-27T09:20:57.716026+00:00	
4414140b-3f48-5d0d-8855-9705a92ba6c3	106	Oratio sollemnis		2026-04-27T09:20:57.716026+00:00	
f6bb04fb-8a8a-5ae5-ad08-213c920b4cd8	107	Ordo baptismi		2026-04-27T09:20:57.716026+00:00	
9362f018-e302-5813-936a-9fb0d74ea632	108	Ordo de sabbato sancto		2026-04-27T09:20:57.716026+00:00	
0acb3c1c-e7e1-536f-9cae-59e6fb971b6e	109	Ordinatio		2026-04-27T09:20:57.716026+00:00	
08bdd6b5-eab2-5c0e-b9f2-89d94baa8ebc	110	Hanc igitur		2026-04-27T09:20:57.716026+00:00	
ad4b823f-352d-530b-9ce9-71f7acc782de	111	Memento		2026-04-27T09:20:57.716026+00:00	
877cd3c6-08f4-5867-870d-7aa8ddf15866	112	Expositio euangeliorum		2026-04-27T09:20:57.716026+00:00	
07df4693-a990-5d03-9d30-57feed53a512	113	Expositio praefatio symboli		2026-04-27T09:20:57.716026+00:00	
35ea6102-8368-500a-be44-7cf549b27e0d	203	Pater noster		2026-04-27T09:20:57.716026+00:00	
6017e1bb-7bfc-54ca-aea4-02451554caf0	115	Qui pridie		2026-04-27T09:20:57.716026+00:00	
bf3796c7-5587-5164-bd37-a0528c8bd190	116	Consecratio		2026-04-27T09:20:57.716026+00:00	
abc0cdf1-825b-5170-b3cf-f1ed53891766	117	Sursum corda		2026-04-27T09:20:57.716026+00:00	
d0c2a785-0055-5aa0-a2f6-b820ae15afa9	118	Uere dignum et iustum est		2026-04-27T09:20:57.716026+00:00	
e6959a49-e2b2-5c41-8bfe-5d3f321e5a54	119	Te igitur		2026-04-27T09:20:57.716026+00:00	
dc87e560-2e17-5c26-8a7b-ee978d573c00	120	Memento Domine		2026-04-27T09:20:57.716026+00:00	
56e0f4e6-ec20-5dce-8e61-627e57d7a5df	121	Quam oblationem		2026-04-27T09:20:57.716026+00:00	
aa9b7a71-25d2-570d-b428-274b766abebe	122	Unde et memores		2026-04-27T09:20:57.716026+00:00	
6aec92e6-2682-5fd2-9802-ab0b52ed82ad	123	Supra que		2026-04-27T09:20:57.716026+00:00	
6fec607f-f479-50f5-bf52-bb63e723d65b	124	Supplices te rogamus		2026-04-27T09:20:57.716026+00:00	
281ca3ef-312f-57ef-bc53-2b7a6a892ef6	125	Nobis quoque peccatoribus		2026-04-27T09:20:57.716026+00:00	
e7917a1a-f343-54a8-9ae2-7c31fed4fdc5	126	Per haec omnia		2026-04-27T09:20:57.716026+00:00	
9e8e5e46-1d87-5ce6-92ef-eeb75ae07467	127	Per ipsum		2026-04-27T09:20:57.716026+00:00	
2d7a59bd-159e-5c26-adc7-c97640a53a8a	128	Rubrica		2026-04-27T09:20:57.716026+00:00	
003b1b15-2331-510c-9c4b-74184a1711d1	129	Iudicium Paenitentiale		2026-04-27T09:20:57.716026+00:00	
6221dc90-80f3-51f1-9b82-bee6664b58c1	130	Breuiarum apostolorum		2026-04-27T09:20:57.716026+00:00	
a1305053-b9a1-5526-a56f-d2935aa847ed	131	Scrutinium		2026-04-27T09:20:57.716026+00:00	
79d68f99-e92f-56f7-be02-b6bd403f2583	132	Ordo feriae quintae		2026-04-27T09:20:57.716026+00:00	
85703d66-2e9e-5c99-a2d6-8ecab3b7babc	133	Apologia		2026-04-27T09:20:57.716026+00:00	
bb55ff41-e9eb-5547-afbf-28772ff20467	134	Introitus		2026-04-27T09:20:57.716026+00:00	
2890b4a5-fad7-5730-90c6-8900681d8427	135	Versus Introitus	bb55ff41-e9eb-5547-afbf-28772ff20467	2026-04-27T09:20:57.716026+00:00	Introitus
86909647-7866-5187-a551-d2fdfb73df49	136	Graduale		2026-04-27T09:20:57.716026+00:00	
db3dfa12-91cc-537e-948d-7db89a861866	137	Versus Gradualis	86909647-7866-5187-a551-d2fdfb73df49	2026-04-27T09:20:57.716026+00:00	Graduale
5718c260-a51c-53c0-9564-1caf1321a909	138	Versiculus		2026-04-27T09:20:57.716026+00:00	
fc78337f-ab5a-5084-9e7e-abd745cf9a91	139	Formula		2026-04-27T09:20:57.716026+00:00	
948f4348-b616-5458-aa0d-80b29fac6288	140	Tractus		2026-04-27T09:20:57.716026+00:00	
de33e288-efd8-5340-8f00-1cd06ee8b58a	141	Versus Tractus	948f4348-b616-5458-aa0d-80b29fac6288	2026-04-27T09:20:57.716026+00:00	Tractus
8d692ffb-e2ee-58d1-96ba-c239b282dab8	191	Alleluia		2026-04-27T09:20:57.716026+00:00	
b3adbf48-909a-5a0a-8986-2249dad5d2ab	143	Versus Alleluiaticus	8d692ffb-e2ee-58d1-96ba-c239b282dab8	2026-04-27T09:20:57.716026+00:00	Alleluia
d1611bba-ab63-5c98-8fd4-91e8efa30d58	144	Sequentia		2026-04-27T09:20:57.716026+00:00	
9addb67a-da63-55bd-be61-b6bb0a6dc5ff	145	Offertorium		2026-04-27T09:20:57.716026+00:00	
9e4ab341-b4fe-5f2f-96f0-5803baa2a7d5	146	Versus Offertorii	9addb67a-da63-55bd-be61-b6bb0a6dc5ff	2026-04-27T09:20:57.716026+00:00	Offertorium
57667943-50c4-5ac1-a101-ff812ecb6fea	147	Communio		2026-04-27T09:20:57.716026+00:00	
5c9a14f0-3ea7-515a-a466-52769611696f	148	Versus Communionis	57667943-50c4-5ac1-a101-ff812ecb6fea	2026-04-27T09:20:57.716026+00:00	Communio
b25c5d74-0ded-51d6-b97f-f0e19c11e565	149	Evangelium		2026-04-27T09:20:57.716026+00:00	
d43fc8eb-a007-5ffc-a552-8c9f9656135b	150	Responsorium		2026-04-27T09:20:57.716026+00:00	
12956a50-7f10-521e-ac70-a64f8b3be106	151	Versus Responsorii	d43fc8eb-a007-5ffc-a552-8c9f9656135b	2026-04-27T09:20:57.716026+00:00	Responsorium
1e33db3f-7ab4-5287-8456-8dc366d0e748	152	Hymnus		2026-04-27T09:20:57.716026+00:00	
5497e03d-202d-5b77-8fd1-2213ae87844a	153	Litania		2026-04-27T09:20:57.716026+00:00	
fc6983e1-b3a3-5b3f-a891-f5ffdc82eaf1	154	Homilia		2026-04-27T09:20:57.716026+00:00	
49e62784-fced-560a-9d17-c6ee8ff380df	155	Sermo		2026-04-27T09:20:57.716026+00:00	
f95288da-ac39-5218-ba31-e06052a0252c	156	Super oblata		2026-04-27T09:20:57.716026+00:00	
6a403183-3332-472e-854b-ad015883dc6f	233	Epistola		2026-08-14T13:28:40.313661+00:00	
c8ab1389-fce4-4b6f-8314-499f5faf8eda	212	Tropus		2026-08-14T13:28:40.316112+00:00	
cfbba9c1-cd5e-464d-9d36-2d78edce4735	232	Troped Offertory	c8ab1389-fce4-4b6f-8314-499f5faf8eda	2026-08-14T13:31:00.015346+00:00	Tropus
9d253068-f6f4-4b2e-9c1a-b99813c089dc	231	Troped Introit	c8ab1389-fce4-4b6f-8314-499f5faf8eda	2026-08-14T13:30:49.099958+00:00	Tropus
bd407620-b593-4221-bd1f-b5d3cbf8803d	230	Troped Gloria	c8ab1389-fce4-4b6f-8314-499f5faf8eda	2026-08-14T13:30:38.748100+00:00	Tropus
d3663906-b711-407f-af46-0330065d2c69	229	Troped Communion	c8ab1389-fce4-4b6f-8314-499f5faf8eda	2026-08-14T13:30:30.231525+00:00	Tropus
3d8581cd-4384-4ae5-b23a-9d53e399f581	228	Troped Benedicamus domino	c8ab1389-fce4-4b6f-8314-499f5faf8eda	2026-08-14T13:30:18.615567+00:00	Tropus
66aa34be-e471-4252-9837-6e87feab52d5	227	Troped Alleluia	c8ab1389-fce4-4b6f-8314-499f5faf8eda	2026-08-14T13:30:10.095886+00:00	Tropus
951865d5-c067-44c5-903d-f3dfd6f17b2b	226	Troped Ite missa est	c8ab1389-fce4-4b6f-8314-499f5faf8eda	2026-08-14T13:30:01.290153+00:00	Tropus
fd02cde8-f249-4e66-9544-ab09348b9141	225	Troped Agnus dei	c8ab1389-fce4-4b6f-8314-499f5faf8eda	2026-08-14T13:29:53.347796+00:00	Tropus
1a46164a-3cd6-4434-bd85-fad33a0d119f	224	Troped Sanctus	c8ab1389-fce4-4b6f-8314-499f5faf8eda	2026-08-14T13:29:44.656277+00:00	Tropus
0dbe6788-2cb6-41ca-8954-0527e8be7dc5	223	Troped Kyrie	c8ab1389-fce4-4b6f-8314-499f5faf8eda	2026-08-14T13:29:24.207925+00:00	Tropus
5cd2d1be-2c3c-4fc5-aff7-6ceed7520993	211	Antiphon verse		2026-08-14T13:28:40.341094+00:00	
5c09b59e-1884-4958-8112-6409b7676284	210	Antiphon		2026-08-14T13:28:40.343411+00:00	
d032e00f-6672-41a1-9ab3-af12bb48eb79	209	Benedicamus domino		2026-08-14T13:28:40.345701+00:00	
752f4ccc-66a3-4718-8a9c-1bbf91f50956	208	Varia within Holy Week		2026-08-14T13:28:40.347956+00:00	
a977f7db-a791-4886-9c99-cd30aca613a0	207	Varia		2026-08-14T13:28:40.350162+00:00	
9c1145e5-ce8b-4dd0-a985-62c6e45cad67	206	Hymn verse		2026-08-14T13:28:40.352415+00:00	
8f9bf333-59d1-41cf-8747-db07d9597a64	205	Hymn		2026-08-14T13:28:40.354695+00:00	
4ba5673c-3db9-4a9e-834f-7b8f50706153	204	Litany		2026-08-14T13:28:40.357018+00:00	
af34b79f-eb9e-48b3-880c-5cfd284256af	202	Sequence		2026-08-14T13:28:40.361583+00:00	
fbe29817-8309-4dbe-9f85-96dd7b3fe3f3	201	Ite missa est		2026-08-14T13:28:40.363847+00:00	
06be95cb-ef33-43a8-a4ea-7f3c0adc3bd8	198	Credo		2026-08-14T13:28:40.370521+00:00	
a7eab346-108e-40f0-b316-dbb487c38561	197	Gloria		2026-08-14T13:28:40.372763+00:00	
147cb06e-9f97-4de2-b4c3-fc2196d91ea6	196	Kyrie		2026-08-14T13:28:40.374895+00:00	
7b75c85c-b2bf-49b3-bc26-fa394e6a0917	195	Communion verse		2026-08-14T13:28:40.377132+00:00	
f393d315-077f-4ad3-9864-f8b2d8a9cd99	194	Communion		2026-08-14T13:28:40.379366+00:00	
b6453aec-bbd3-45e2-955e-2d0416a4781d	193	Offertory verse		2026-08-14T13:28:40.381583+00:00	
ac8bd3be-d83b-40a5-9bfb-48a84dda70ec	192	Offertory		2026-08-14T13:28:40.383832+00:00	
32927319-0ee9-4c31-8f0b-d1a9cc51d9b9	190	Tract verse		2026-08-14T13:28:40.388248+00:00	
d93eda66-c29c-4d0b-9092-9e65aea11aa6	189	Tract		2026-08-14T13:28:40.390518+00:00	
503fd288-59f3-498c-8369-5fd2c1ba736f	188	Gradual verse		2026-08-14T13:28:40.392817+00:00	
5fd515a2-ec12-42d5-b3e7-f9609b14bf00	187	Gradual		2026-08-14T13:28:40.394964+00:00	
2f704ef1-4c49-4f6c-ab9d-41b69e98bd36	186	Introit verse		2026-08-14T13:28:40.397261+00:00	
27157379-6153-42db-bf1e-fc4dd93f181b	185	Introit		2026-08-14T13:28:40.399488+00:00	
