uuid	legacy_id	part	short_name	name	entry_date	types_uuids	types_labels
2b3d8db8-f325-5f9b-8489-b8ebd8059b59	1	S	1	1	2026-04-27T09:20:58.414435+00:00	"[""55c19bba-2c11-5dfa-8e6a-53006539eca4"", ""d73421c6-ff78-5b2d-bfcd-c20d72c54082""]"	"[""Mass"", ""Office""]"
17a47c32-e0f1-56f3-bc8e-13e858652bd5	2	S	2	2	2026-04-27T09:20:58.414435+00:00	"[""55c19bba-2c11-5dfa-8e6a-53006539eca4"", ""d73421c6-ff78-5b2d-bfcd-c20d72c54082""]"	"[""Mass"", ""Office""]"
dc848034-33e0-5447-a94e-830079cc3f43	3	S	3	3	2026-04-27T09:20:58.414435+00:00	"[""55c19bba-2c11-5dfa-8e6a-53006539eca4"", ""d73421c6-ff78-5b2d-bfcd-c20d72c54082""]"	"[""Mass"", ""Office""]"
38aa6ffd-f54e-5590-9c59-b2842e411a93	4	S	4	4	2026-04-27T09:20:58.414435+00:00	"[""55c19bba-2c11-5dfa-8e6a-53006539eca4"", ""d73421c6-ff78-5b2d-bfcd-c20d72c54082""]"	"[""Mass"", ""Office""]"
50370d34-7ee9-5cc9-9954-9114980dd49c	5	S	5	5	2026-04-27T09:20:58.414435+00:00	"[""55c19bba-2c11-5dfa-8e6a-53006539eca4"", ""d73421c6-ff78-5b2d-bfcd-c20d72c54082""]"	"[""Mass"", ""Office""]"
0b07a703-9302-5979-807e-ac05207c0474	6	S	6	6	2026-04-27T09:20:58.414435+00:00	"[""55c19bba-2c11-5dfa-8e6a-53006539eca4"", ""d73421c6-ff78-5b2d-bfcd-c20d72c54082""]"	"[""Mass"", ""Office""]"
c3aeea95-b69c-5351-befc-107bf287141d	7	S	7	7	2026-04-27T09:20:58.414435+00:00	"[""55c19bba-2c11-5dfa-8e6a-53006539eca4"", ""d73421c6-ff78-5b2d-bfcd-c20d72c54082""]"	"[""Mass"", ""Office""]"
a2eff1d7-418a-59e7-ad2b-fe99924e8983	8	S	8	8	2026-04-27T09:20:58.414435+00:00	"[""55c19bba-2c11-5dfa-8e6a-53006539eca4"", ""d73421c6-ff78-5b2d-bfcd-c20d72c54082""]"	"[""Mass"", ""Office""]"
122e7f05-e6e6-52ae-8bb1-32b7544fcd78	9	S	9	9	2026-04-27T09:20:58.414435+00:00	"[""55c19bba-2c11-5dfa-8e6a-53006539eca4"", ""d73421c6-ff78-5b2d-bfcd-c20d72c54082""]"	"[""Mass"", ""Office""]"
7f713f0f-661a-598b-8962-cc5e7e26a659	10	S	10	10	2026-04-27T09:20:58.414435+00:00	"[""55c19bba-2c11-5dfa-8e6a-53006539eca4"", ""d73421c6-ff78-5b2d-bfcd-c20d72c54082""]"	"[""Mass"", ""Office""]"
f185a92f-d8b7-50cb-9aaa-033a91e48356	11	S	11	11	2026-04-27T09:20:58.414435+00:00	"[""55c19bba-2c11-5dfa-8e6a-53006539eca4"", ""d73421c6-ff78-5b2d-bfcd-c20d72c54082""]"	"[""Mass"", ""Office""]"
6f73633e-8524-58ca-b252-78d40ffadffe	12	S	12	12	2026-04-27T09:20:58.414435+00:00	"[""55c19bba-2c11-5dfa-8e6a-53006539eca4"", ""d73421c6-ff78-5b2d-bfcd-c20d72c54082""]"	"[""Mass"", ""Office""]"
485fd9df-10e0-56a8-b6ea-300abe245cdf	13	S	13	13	2026-04-27T09:20:58.414435+00:00	"[""55c19bba-2c11-5dfa-8e6a-53006539eca4"", ""d73421c6-ff78-5b2d-bfcd-c20d72c54082""]"	"[""Mass"", ""Office""]"
8b916d5c-4021-5455-a5f2-9a14b0fed9d4	14	S	14	14	2026-04-27T09:20:58.414435+00:00	"[""55c19bba-2c11-5dfa-8e6a-53006539eca4"", ""d73421c6-ff78-5b2d-bfcd-c20d72c54082""]"	"[""Mass"", ""Office""]"
17221569-b016-59d9-af93-43dc8fa55cf0	15	S	15	15	2026-04-27T09:20:58.414435+00:00	"[""55c19bba-2c11-5dfa-8e6a-53006539eca4"", ""d73421c6-ff78-5b2d-bfcd-c20d72c54082""]"	"[""Mass"", ""Office""]"
c035ad1a-b575-523a-a573-77408a7362ee	16	S	16	16	2026-04-27T09:20:58.414435+00:00	"[""55c19bba-2c11-5dfa-8e6a-53006539eca4"", ""d73421c6-ff78-5b2d-bfcd-c20d72c54082""]"	"[""Mass"", ""Office""]"
3a0e5698-687e-5b3e-86ac-01fe4a7a1822	17	S	17	17	2026-04-27T09:20:58.414435+00:00	"[""55c19bba-2c11-5dfa-8e6a-53006539eca4"", ""d73421c6-ff78-5b2d-bfcd-c20d72c54082""]"	"[""Mass"", ""Office""]"
e2887686-8cac-5549-8c50-3deee791dbf9	18	S	18	18	2026-04-27T09:20:58.414435+00:00	"[""55c19bba-2c11-5dfa-8e6a-53006539eca4"", ""d73421c6-ff78-5b2d-bfcd-c20d72c54082""]"	"[""Mass"", ""Office""]"
55934ab6-c229-5535-b5a3-396bd52c0dc5	19	S	19	19	2026-04-27T09:20:58.414435+00:00	"[""55c19bba-2c11-5dfa-8e6a-53006539eca4"", ""d73421c6-ff78-5b2d-bfcd-c20d72c54082""]"	"[""Mass"", ""Office""]"
f547dfbe-226f-5795-86bd-d45c475fee33	20	S	20	20	2026-04-27T09:20:58.414435+00:00	"[""55c19bba-2c11-5dfa-8e6a-53006539eca4"", ""d73421c6-ff78-5b2d-bfcd-c20d72c54082""]"	"[""Mass"", ""Office""]"
e5a66c65-750a-511e-988a-ad7918498588	21	S	21	21	2026-04-27T09:20:58.414435+00:00	"[""55c19bba-2c11-5dfa-8e6a-53006539eca4"", ""d73421c6-ff78-5b2d-bfcd-c20d72c54082""]"	"[""Mass"", ""Office""]"
17ce851d-b0e1-51ca-b518-e0b0a82bdd83	22	S	22	22	2026-04-27T09:20:58.414435+00:00	"[""55c19bba-2c11-5dfa-8e6a-53006539eca4"", ""d73421c6-ff78-5b2d-bfcd-c20d72c54082""]"	"[""Mass"", ""Office""]"
814b0884-63ce-57d2-9d87-987ac8d62d22	23	S	23	23	2026-04-27T09:20:58.414435+00:00	"[""55c19bba-2c11-5dfa-8e6a-53006539eca4"", ""d73421c6-ff78-5b2d-bfcd-c20d72c54082""]"	"[""Mass"", ""Office""]"
88e2a088-1434-5e90-8f8b-5cf89a051978	24	S	24	24	2026-04-27T09:20:58.414435+00:00	"[""55c19bba-2c11-5dfa-8e6a-53006539eca4"", ""d73421c6-ff78-5b2d-bfcd-c20d72c54082""]"	"[""Mass"", ""Office""]"
db92d8a8-d51d-5e68-b58c-12201173d378	25	S	25	25	2026-04-27T09:20:58.414435+00:00	"[""55c19bba-2c11-5dfa-8e6a-53006539eca4"", ""d73421c6-ff78-5b2d-bfcd-c20d72c54082""]"	"[""Mass"", ""Office""]"
8755daf5-a56e-54f7-9c05-5fe1d347fb5e	26	S	26	26	2026-04-27T09:20:58.414435+00:00	"[""55c19bba-2c11-5dfa-8e6a-53006539eca4"", ""d73421c6-ff78-5b2d-bfcd-c20d72c54082""]"	"[""Mass"", ""Office""]"
1a8308eb-824e-5ebd-9b52-53bcd405451f	27	S	27	27	2026-04-27T09:20:58.414435+00:00	"[""55c19bba-2c11-5dfa-8e6a-53006539eca4"", ""d73421c6-ff78-5b2d-bfcd-c20d72c54082""]"	"[""Mass"", ""Office""]"
dddea152-e351-50f5-92d9-b57a3f833ebe	28	S	28	28	2026-04-27T09:20:58.414435+00:00	"[""55c19bba-2c11-5dfa-8e6a-53006539eca4"", ""d73421c6-ff78-5b2d-bfcd-c20d72c54082""]"	"[""Mass"", ""Office""]"
1865e0d9-42d4-5857-b770-85a88b6ca5f7	29	S	29	29	2026-04-27T09:20:58.414435+00:00	"[""55c19bba-2c11-5dfa-8e6a-53006539eca4"", ""d73421c6-ff78-5b2d-bfcd-c20d72c54082""]"	"[""Mass"", ""Office""]"
842b353a-6eb4-54cb-8be7-3b394781ec01	30	S	30	30	2026-04-27T09:20:58.414435+00:00	"[""55c19bba-2c11-5dfa-8e6a-53006539eca4"", ""d73421c6-ff78-5b2d-bfcd-c20d72c54082""]"	"[""Mass"", ""Office""]"
a7f544af-4fa7-596d-9c35-6d1a69086c63	31	S	31	31	2026-04-27T09:20:58.414435+00:00	"[""55c19bba-2c11-5dfa-8e6a-53006539eca4"", ""d73421c6-ff78-5b2d-bfcd-c20d72c54082""]"	"[""Mass"", ""Office""]"
3b15d8f9-c721-586e-9566-f71d79283fd5	50	T	D	Sunday	2026-04-27T09:20:58.414435+00:00	"[""55c19bba-2c11-5dfa-8e6a-53006539eca4"", ""d73421c6-ff78-5b2d-bfcd-c20d72c54082""]"	"[""Mass"", ""Office""]"
abf5648f-5331-5787-8f28-2251adbc786e	51	T	ff	Weekdays or days within an octave	2026-04-27T09:20:58.414435+00:00	"[""55c19bba-2c11-5dfa-8e6a-53006539eca4"", ""d73421c6-ff78-5b2d-bfcd-c20d72c54082""]"	"[""Mass"", ""Office""]"
decc9e78-dcfa-5fda-8058-16a1340b9fc4	52	T	f2	Monday	2026-04-27T09:20:58.414435+00:00	"[""55c19bba-2c11-5dfa-8e6a-53006539eca4"", ""d73421c6-ff78-5b2d-bfcd-c20d72c54082""]"	"[""Mass"", ""Office""]"
814e3889-0649-545d-85a4-98469ff2ade0	53	T	f3	Tuesday	2026-04-27T09:20:58.414435+00:00	"[""55c19bba-2c11-5dfa-8e6a-53006539eca4"", ""d73421c6-ff78-5b2d-bfcd-c20d72c54082""]"	"[""Mass"", ""Office""]"
6923c032-9dbd-5794-a094-aeb8ec1c26e9	54	T	f4	Wednesday	2026-04-27T09:20:58.414435+00:00	"[""55c19bba-2c11-5dfa-8e6a-53006539eca4"", ""d73421c6-ff78-5b2d-bfcd-c20d72c54082""]"	"[""Mass"", ""Office""]"
586b7803-1ae2-5e7d-bccc-842a5317a67e	55	T	f5	Thursday	2026-04-27T09:20:58.414435+00:00	"[""55c19bba-2c11-5dfa-8e6a-53006539eca4"", ""d73421c6-ff78-5b2d-bfcd-c20d72c54082""]"	"[""Mass"", ""Office""]"
c4bd447b-9fbc-5bac-86b6-47dd582dce08	56	T	f6	Friday	2026-04-27T09:20:58.414435+00:00	"[""55c19bba-2c11-5dfa-8e6a-53006539eca4"", ""d73421c6-ff78-5b2d-bfcd-c20d72c54082""]"	"[""Mass"", ""Office""]"
aa9768a2-75f4-5295-9e3e-e8026eab3a48	57	T	S	Saturday	2026-04-27T09:20:58.414435+00:00	"[""55c19bba-2c11-5dfa-8e6a-53006539eca4"", ""d73421c6-ff78-5b2d-bfcd-c20d72c54082""]"	"[""Mass"", ""Office""]"
97d77c41-9a67-5c78-a47b-427e0dbe8326	60	T	Gen	General, i.e. seasonal item without any assignation to day	2026-04-27T09:20:58.414435+00:00	"[""55c19bba-2c11-5dfa-8e6a-53006539eca4"", ""d73421c6-ff78-5b2d-bfcd-c20d72c54082""]"	"[""Mass"", ""Office""]"
056b764a-8e15-5874-8ba4-92025086cbed	70	T	F	Feast	2026-04-27T09:20:58.414435+00:00	"[""55c19bba-2c11-5dfa-8e6a-53006539eca4"", ""d73421c6-ff78-5b2d-bfcd-c20d72c54082""]"	"[""Mass"", ""Office""]"
