uuid	legacy_id	short_name	name	entry_date	types_uuids	layers_uuids	types_labels	layers_labels
3c9705bf-2b7d-58a8-934b-9e9ffdb8fda2		Intr	Introit	2026-04-27T09:21:00.013070+00:00	"[""55c19bba-2c11-5dfa-8e6a-53006539eca4"", ""3f8ff2c7-a2b5-59c3-aeed-efdfaad3c3d1""]"	"[""c5f3f419-67d7-5c5d-85a2-602ed238ffaa""]"	"[""Mass"", ""Other""]"	"[""Gradual/Antiphonal""]"
0acf5810-a9a8-51fb-abff-cc8f83e353fe		IntrV	Introit Verse	2026-04-27T09:21:00.013070+00:00	"[""55c19bba-2c11-5dfa-8e6a-53006539eca4"", ""3f8ff2c7-a2b5-59c3-aeed-efdfaad3c3d1""]"	"[""c5f3f419-67d7-5c5d-85a2-602ed238ffaa""]"	"[""Mass"", ""Other""]"	"[""Gradual/Antiphonal""]"
03af071c-02aa-51ee-97df-d221c3d6d466		Trop	Trope	2026-04-27T09:21:00.013070+00:00	"[""55c19bba-2c11-5dfa-8e6a-53006539eca4"", ""d73421c6-ff78-5b2d-bfcd-c20d72c54082"", ""3f8ff2c7-a2b5-59c3-aeed-efdfaad3c3d1""]"	"[""c5f3f419-67d7-5c5d-85a2-602ed238ffaa"", ""8a4077b5-9979-5af3-a14f-24d3ed4f45ea""]"	"[""Mass"", ""Office"", ""Other""]"	"[""Gradual/Antiphonal"", ""Lectionary""]"
ddba3b86-bca2-5e42-b85c-1c185878e140		IntrTrop	Introit Trope	2026-04-27T09:21:00.013070+00:00	"[""55c19bba-2c11-5dfa-8e6a-53006539eca4"", ""3f8ff2c7-a2b5-59c3-aeed-efdfaad3c3d1""]"	"[""c5f3f419-67d7-5c5d-85a2-602ed238ffaa""]"	"[""Mass"", ""Other""]"	"[""Gradual/Antiphonal""]"
dfa59a9d-a7d1-5dce-a2d0-78ec2534d6b6		Tr	Tract	2026-04-27T09:21:00.013070+00:00	"[""55c19bba-2c11-5dfa-8e6a-53006539eca4"", ""3f8ff2c7-a2b5-59c3-aeed-efdfaad3c3d1""]"	"[""c5f3f419-67d7-5c5d-85a2-602ed238ffaa""]"	"[""Mass"", ""Other""]"	"[""Gradual/Antiphonal""]"
241c858c-7a8d-55a6-b440-6302d581c0fb		TrV	Tract verse	2026-04-27T09:21:00.013070+00:00	"[""55c19bba-2c11-5dfa-8e6a-53006539eca4"", ""3f8ff2c7-a2b5-59c3-aeed-efdfaad3c3d1""]"	"[""c5f3f419-67d7-5c5d-85a2-602ed238ffaa""]"	"[""Mass"", ""Other""]"	"[""Gradual/Antiphonal""]"
8fee6537-2b7f-546e-af55-ea5ac3820957		Gr	Gradual	2026-04-27T09:21:00.013070+00:00	"[""55c19bba-2c11-5dfa-8e6a-53006539eca4"", ""d73421c6-ff78-5b2d-bfcd-c20d72c54082"", ""3f8ff2c7-a2b5-59c3-aeed-efdfaad3c3d1""]"	"[""c5f3f419-67d7-5c5d-85a2-602ed238ffaa""]"	"[""Mass"", ""Office"", ""Other""]"	"[""Gradual/Antiphonal""]"
8ffc8d83-80c4-5e18-bcd7-1abed6f31b4c		GrV	Gradual Verse	2026-04-27T09:21:00.013070+00:00	"[""55c19bba-2c11-5dfa-8e6a-53006539eca4"", ""d73421c6-ff78-5b2d-bfcd-c20d72c54082"", ""3f8ff2c7-a2b5-59c3-aeed-efdfaad3c3d1""]"	"[""c5f3f419-67d7-5c5d-85a2-602ed238ffaa""]"	"[""Mass"", ""Office"", ""Other""]"	"[""Gradual/Antiphonal""]"
961b1cc9-a8d7-5923-ae05-3468b5304d30		CantD	Canticle of Daniel	2026-04-27T09:21:00.013070+00:00	"[""55c19bba-2c11-5dfa-8e6a-53006539eca4"", ""3f8ff2c7-a2b5-59c3-aeed-efdfaad3c3d1""]"	"[""c5f3f419-67d7-5c5d-85a2-602ed238ffaa""]"	"[""Mass"", ""Other""]"	"[""Gradual/Antiphonal""]"
372db078-c771-5f34-ad35-fb6491db7b6f		All	Alleluia	2026-04-27T09:21:00.013070+00:00	"[""55c19bba-2c11-5dfa-8e6a-53006539eca4"", ""d73421c6-ff78-5b2d-bfcd-c20d72c54082"", ""3f8ff2c7-a2b5-59c3-aeed-efdfaad3c3d1""]"	"[""c5f3f419-67d7-5c5d-85a2-602ed238ffaa""]"	"[""Mass"", ""Office"", ""Other""]"	"[""Gradual/Antiphonal""]"
b2045ce0-c364-5664-9654-5e1e0b00453c		AllV	Alleluia Verse	2026-04-27T09:21:00.013070+00:00	"[""55c19bba-2c11-5dfa-8e6a-53006539eca4"", ""d73421c6-ff78-5b2d-bfcd-c20d72c54082"", ""3f8ff2c7-a2b5-59c3-aeed-efdfaad3c3d1""]"	"[""c5f3f419-67d7-5c5d-85a2-602ed238ffaa""]"	"[""Mass"", ""Office"", ""Other""]"	"[""Gradual/Antiphonal""]"
b113bb73-1cf9-5985-99ff-b113b480909c		Seq	Sequence	2026-04-27T09:21:00.013070+00:00	"[""55c19bba-2c11-5dfa-8e6a-53006539eca4"", ""d73421c6-ff78-5b2d-bfcd-c20d72c54082"", ""3f8ff2c7-a2b5-59c3-aeed-efdfaad3c3d1""]"	"[""c5f3f419-67d7-5c5d-85a2-602ed238ffaa""]"	"[""Mass"", ""Office"", ""Other""]"	"[""Gradual/Antiphonal""]"
050b18b6-5e9d-5faa-9a2a-68d23a132380		SeqDiv	Sequence division	2026-04-27T09:21:00.013070+00:00	"[""55c19bba-2c11-5dfa-8e6a-53006539eca4"", ""d73421c6-ff78-5b2d-bfcd-c20d72c54082"", ""3f8ff2c7-a2b5-59c3-aeed-efdfaad3c3d1""]"	"[""c5f3f419-67d7-5c5d-85a2-602ed238ffaa""]"	"[""Mass"", ""Office"", ""Other""]"	"[""Gradual/Antiphonal""]"
73586d50-e4a8-5ac8-989d-0fcaf8ffb7b8		Ante evangelium	Ante evangelium	2026-04-27T09:21:00.013070+00:00	"[""55c19bba-2c11-5dfa-8e6a-53006539eca4"", ""3f8ff2c7-a2b5-59c3-aeed-efdfaad3c3d1""]"	"[""c5f3f419-67d7-5c5d-85a2-602ed238ffaa""]"	"[""Mass"", ""Other""]"	"[""Gradual/Antiphonal""]"
d3b4ff74-ca97-5ada-bf67-4fbce2725386		Off	Offertory	2026-04-27T09:21:00.013070+00:00	"[""55c19bba-2c11-5dfa-8e6a-53006539eca4"", ""3f8ff2c7-a2b5-59c3-aeed-efdfaad3c3d1""]"	"[""c5f3f419-67d7-5c5d-85a2-602ed238ffaa""]"	"[""Mass"", ""Other""]"	"[""Gradual/Antiphonal""]"
cabc6ec0-2014-5511-a5fb-4b37aa7b0b3a		OffV	Offertory Verse	2026-04-27T09:21:00.013070+00:00	"[""55c19bba-2c11-5dfa-8e6a-53006539eca4"", ""3f8ff2c7-a2b5-59c3-aeed-efdfaad3c3d1""]"	"[""c5f3f419-67d7-5c5d-85a2-602ed238ffaa""]"	"[""Mass"", ""Other""]"	"[""Gradual/Antiphonal""]"
1c426bbb-46b0-547f-9de8-200405895760		OffTrop	Offertory Trope	2026-04-27T09:21:00.013070+00:00	"[""55c19bba-2c11-5dfa-8e6a-53006539eca4"", ""3f8ff2c7-a2b5-59c3-aeed-efdfaad3c3d1""]"	"[""c5f3f419-67d7-5c5d-85a2-602ed238ffaa""]"	"[""Mass"", ""Other""]"	"[""Gradual/Antiphonal""]"
742c28e2-0fb5-5ed6-9988-3e7784039cb0		Comm	Communion	2026-04-27T09:21:00.013070+00:00	"[""55c19bba-2c11-5dfa-8e6a-53006539eca4"", ""3f8ff2c7-a2b5-59c3-aeed-efdfaad3c3d1""]"	"[""c5f3f419-67d7-5c5d-85a2-602ed238ffaa""]"	"[""Mass"", ""Other""]"	"[""Gradual/Antiphonal""]"
6798c0d1-2f92-57ec-a431-142ff5a3bded		CommV	Communion Verse	2026-04-27T09:21:00.013070+00:00	"[""55c19bba-2c11-5dfa-8e6a-53006539eca4"", ""3f8ff2c7-a2b5-59c3-aeed-efdfaad3c3d1""]"	"[""c5f3f419-67d7-5c5d-85a2-602ed238ffaa""]"	"[""Mass"", ""Other""]"	"[""Gradual/Antiphonal""]"
99c54182-4295-5df4-91ce-a6934c64f197		CommTrop	Communion Trope	2026-04-27T09:21:00.013070+00:00	"[""55c19bba-2c11-5dfa-8e6a-53006539eca4"", ""3f8ff2c7-a2b5-59c3-aeed-efdfaad3c3d1""]"	"[""c5f3f419-67d7-5c5d-85a2-602ed238ffaa""]"	"[""Mass"", ""Other""]"	"[""Gradual/Antiphonal""]"
7ce5b37c-0de3-5ffd-b0d3-f2271e040bc9		Proph	Prophecy	2026-04-27T09:21:00.013070+00:00	"[""55c19bba-2c11-5dfa-8e6a-53006539eca4"", ""3f8ff2c7-a2b5-59c3-aeed-efdfaad3c3d1""]"	"[""8a4077b5-9979-5af3-a14f-24d3ed4f45ea""]"	"[""Mass"", ""Other""]"	"[""Lectionary""]"
18a45ae7-9722-50e9-81d3-868e0f343fbb		ProphTrop	Prophecy Trope	2026-04-27T09:21:00.013070+00:00	"[""55c19bba-2c11-5dfa-8e6a-53006539eca4"", ""3f8ff2c7-a2b5-59c3-aeed-efdfaad3c3d1""]"	"[""8a4077b5-9979-5af3-a14f-24d3ed4f45ea""]"	"[""Mass"", ""Other""]"	"[""Lectionary""]"
1d5e429c-136f-5af8-b48c-3567eaaf0a61		Lc	Lesson	2026-04-27T09:21:00.013070+00:00	"[""55c19bba-2c11-5dfa-8e6a-53006539eca4"", ""3f8ff2c7-a2b5-59c3-aeed-efdfaad3c3d1""]"	"[""8a4077b5-9979-5af3-a14f-24d3ed4f45ea""]"	"[""Mass"", ""Other""]"	"[""Lectionary""]"
477219cf-7c24-531c-95f4-f388b9e94300		Div	Division	2026-04-27T09:21:00.013070+00:00	"[""55c19bba-2c11-5dfa-8e6a-53006539eca4"", ""d73421c6-ff78-5b2d-bfcd-c20d72c54082"", ""3f8ff2c7-a2b5-59c3-aeed-efdfaad3c3d1""]"	"[""2eb31b98-98f0-5799-b58b-1c82e72356c0"", ""c5f3f419-67d7-5c5d-85a2-602ed238ffaa"", ""8a4077b5-9979-5af3-a14f-24d3ed4f45ea"", ""c909ccd5-d4aa-54ef-8ecf-67df08b21ab3""]"	"[""Mass"", ""Office"", ""Other""]"	"[""Sacramentary/Collectary"", ""Gradual/Antiphonal"", ""Lectionary"", ""Rubric""]"
2d6b62df-f050-5eb0-b701-366963d09b37		LcDiv	Lesson division	2026-04-27T09:21:00.013070+00:00	"[""55c19bba-2c11-5dfa-8e6a-53006539eca4"", ""3f8ff2c7-a2b5-59c3-aeed-efdfaad3c3d1""]"	"[""8a4077b5-9979-5af3-a14f-24d3ed4f45ea"", ""c909ccd5-d4aa-54ef-8ecf-67df08b21ab3""]"	"[""Mass"", ""Other""]"	"[""Lectionary"", ""Rubric""]"
fa0cafb2-711e-5ad3-b98e-ae51fd5a7d73		Ev	Gospel	2026-04-27T09:21:00.013070+00:00	"[""55c19bba-2c11-5dfa-8e6a-53006539eca4"", ""3f8ff2c7-a2b5-59c3-aeed-efdfaad3c3d1""]"	"[""8a4077b5-9979-5af3-a14f-24d3ed4f45ea""]"	"[""Mass"", ""Other""]"	"[""Lectionary""]"
5afafede-4548-5bab-9c89-dd6268def836		EvTrop	Gospel Trope	2026-04-27T09:21:00.013070+00:00	"[""55c19bba-2c11-5dfa-8e6a-53006539eca4"", ""3f8ff2c7-a2b5-59c3-aeed-efdfaad3c3d1""]"	"[""8a4077b5-9979-5af3-a14f-24d3ed4f45ea""]"	"[""Mass"", ""Other""]"	"[""Lectionary""]"
e6b36dcf-94a5-55cf-9c71-7ff28d6266e7		EvDiv	Gospel division	2026-04-27T09:21:00.013070+00:00	"[""55c19bba-2c11-5dfa-8e6a-53006539eca4"", ""3f8ff2c7-a2b5-59c3-aeed-efdfaad3c3d1""]"	"[""8a4077b5-9979-5af3-a14f-24d3ed4f45ea"", ""c909ccd5-d4aa-54ef-8ecf-67df08b21ab3""]"	"[""Mass"", ""Other""]"	"[""Lectionary"", ""Rubric""]"
527cfd2a-a946-5137-a054-98230bbb518f		Or	Prayer	2026-04-27T09:21:00.013070+00:00	"[""55c19bba-2c11-5dfa-8e6a-53006539eca4"", ""d73421c6-ff78-5b2d-bfcd-c20d72c54082"", ""3f8ff2c7-a2b5-59c3-aeed-efdfaad3c3d1""]"	"[""2eb31b98-98f0-5799-b58b-1c82e72356c0""]"	"[""Mass"", ""Office"", ""Other""]"	"[""Sacramentary/Collectary""]"
2fb652c3-e1d5-5473-be9a-988f6bd35502		OrDiv	Oration division	2026-04-27T09:21:00.013070+00:00	"[""55c19bba-2c11-5dfa-8e6a-53006539eca4"", ""3f8ff2c7-a2b5-59c3-aeed-efdfaad3c3d1""]"	"[""2eb31b98-98f0-5799-b58b-1c82e72356c0""]"	"[""Mass"", ""Other""]"	"[""Sacramentary/Collectary""]"
52d08e9c-bf55-5718-96ff-4989fbfed246		Coll	Collect	2026-04-27T09:21:00.013070+00:00	"[""55c19bba-2c11-5dfa-8e6a-53006539eca4"", ""3f8ff2c7-a2b5-59c3-aeed-efdfaad3c3d1""]"	"[""2eb31b98-98f0-5799-b58b-1c82e72356c0""]"	"[""Mass"", ""Other""]"	"[""Sacramentary/Collectary""]"
0866c800-2566-59f9-afec-decd623c39a3		Secr	Secret	2026-04-27T09:21:00.013070+00:00	"[""55c19bba-2c11-5dfa-8e6a-53006539eca4"", ""3f8ff2c7-a2b5-59c3-aeed-efdfaad3c3d1""]"	"[""2eb31b98-98f0-5799-b58b-1c82e72356c0""]"	"[""Mass"", ""Other""]"	"[""Sacramentary/Collectary""]"
f1ed93f7-a243-5e64-b40a-1232b1fd7ef1		Postcomm	Postcommunion	2026-04-27T09:21:00.013070+00:00	"[""55c19bba-2c11-5dfa-8e6a-53006539eca4"", ""3f8ff2c7-a2b5-59c3-aeed-efdfaad3c3d1""]"	"[""2eb31b98-98f0-5799-b58b-1c82e72356c0""]"	"[""Mass"", ""Other""]"	"[""Sacramentary/Collectary""]"
f1e6d15e-ee15-50ae-b7af-9a98b00023a9		Superpop	Oratio super populum	2026-04-27T09:21:00.013070+00:00	"[""55c19bba-2c11-5dfa-8e6a-53006539eca4"", ""3f8ff2c7-a2b5-59c3-aeed-efdfaad3c3d1""]"	"[""2eb31b98-98f0-5799-b58b-1c82e72356c0""]"	"[""Mass"", ""Other""]"	"[""Sacramentary/Collectary""]"
edaeb6b5-e894-599e-af87-4ac177b1a160		VD	Preface or prex	2026-04-27T09:21:00.013070+00:00	"[""55c19bba-2c11-5dfa-8e6a-53006539eca4"", ""3f8ff2c7-a2b5-59c3-aeed-efdfaad3c3d1""]"	"[""2eb31b98-98f0-5799-b58b-1c82e72356c0""]"	"[""Mass"", ""Other""]"	"[""Sacramentary/Collectary""]"
fc008254-a1b1-5732-9fb5-a58b4774b850		VDDiv	Prex division	2026-04-27T09:21:00.013070+00:00	"[""55c19bba-2c11-5dfa-8e6a-53006539eca4"", ""3f8ff2c7-a2b5-59c3-aeed-efdfaad3c3d1""]"	"[""2eb31b98-98f0-5799-b58b-1c82e72356c0""]"	"[""Mass"", ""Other""]"	"[""Sacramentary/Collectary""]"
f68f258c-8ad1-5536-8464-0218210c035c		Infracan	Infra Canonem, changeable parts of the Canon (Communicantes, Hanc igitur)	2026-04-27T09:21:00.013070+00:00	"[""55c19bba-2c11-5dfa-8e6a-53006539eca4"", ""3f8ff2c7-a2b5-59c3-aeed-efdfaad3c3d1""]"	"[""2eb31b98-98f0-5799-b58b-1c82e72356c0""]"	"[""Mass"", ""Other""]"	"[""Sacramentary/Collectary""]"
7bc2aa48-db99-5625-a517-309c2e234ee3		BenP	Triple pontifical blessing	2026-04-27T09:21:00.013070+00:00	"[""55c19bba-2c11-5dfa-8e6a-53006539eca4"", ""3f8ff2c7-a2b5-59c3-aeed-efdfaad3c3d1""]"	"[""2eb31b98-98f0-5799-b58b-1c82e72356c0""]"	"[""Mass"", ""Other""]"	"[""Sacramentary/Collectary""]"
fbc2c222-7c85-55bc-9b0d-514c7d85b8e0		Cantio	Anthem or vernacular hymn	2026-04-27T09:21:00.013070+00:00	"[""3f8ff2c7-a2b5-59c3-aeed-efdfaad3c3d1""]"	"[""c5f3f419-67d7-5c5d-85a2-602ed238ffaa""]"	"[""Other""]"	"[""Gradual/Antiphonal""]"
d0206a17-2b87-568d-b17a-6e5d049b0690		Concio	Preaching	2026-04-27T09:21:00.013070+00:00	"[""3f8ff2c7-a2b5-59c3-aeed-efdfaad3c3d1""]"	"[""8a4077b5-9979-5af3-a14f-24d3ed4f45ea""]"	"[""Other""]"	"[""Lectionary""]"
5b5539a6-a831-574e-8745-560e553dee46		Ingressa	Ingressa	2026-04-27T09:21:00.013070+00:00	"[""55c19bba-2c11-5dfa-8e6a-53006539eca4"", ""3f8ff2c7-a2b5-59c3-aeed-efdfaad3c3d1""]"	"[""c5f3f419-67d7-5c5d-85a2-602ed238ffaa""]"	"[""Mass"", ""Other""]"	"[""Gradual/Antiphonal""]"
8837f8ab-883e-517e-a331-54db77c51e8c		Psalmellus	Psalmellus	2026-04-27T09:21:00.013070+00:00	"[""55c19bba-2c11-5dfa-8e6a-53006539eca4"", ""3f8ff2c7-a2b5-59c3-aeed-efdfaad3c3d1""]"	"[""c5f3f419-67d7-5c5d-85a2-602ed238ffaa""]"	"[""Mass"", ""Other""]"	"[""Gradual/Antiphonal""]"
78afffdb-7c15-50b2-a31c-3a535ed49ead		PsalmellusV	PsalmellusV	2026-04-27T09:21:00.013070+00:00	"[""55c19bba-2c11-5dfa-8e6a-53006539eca4"", ""3f8ff2c7-a2b5-59c3-aeed-efdfaad3c3d1""]"	"[""c5f3f419-67d7-5c5d-85a2-602ed238ffaa""]"	"[""Mass"", ""Other""]"	"[""Gradual/Antiphonal""]"
bb6715ef-bea0-5e2f-9946-2e936ceef324		Cantus	Cantus	2026-04-27T09:21:00.013070+00:00	"[""55c19bba-2c11-5dfa-8e6a-53006539eca4"", ""3f8ff2c7-a2b5-59c3-aeed-efdfaad3c3d1""]"	"[""c5f3f419-67d7-5c5d-85a2-602ed238ffaa""]"	"[""Mass"", ""Other""]"	"[""Gradual/Antiphonal""]"
bb3f41f2-2443-5e3c-87b0-04220a7174fe		CantusV	CantusV	2026-04-27T09:21:00.013070+00:00	"[""55c19bba-2c11-5dfa-8e6a-53006539eca4"", ""3f8ff2c7-a2b5-59c3-aeed-efdfaad3c3d1""]"	"[""c5f3f419-67d7-5c5d-85a2-602ed238ffaa""]"	"[""Mass"", ""Other""]"	"[""Gradual/Antiphonal""]"
6f8ea769-f40e-592c-92c5-54c29005fc38		V. in Alleluia	V. in Alleluia	2026-04-27T09:21:00.013070+00:00	"[""55c19bba-2c11-5dfa-8e6a-53006539eca4"", ""3f8ff2c7-a2b5-59c3-aeed-efdfaad3c3d1""]"	"[""c5f3f419-67d7-5c5d-85a2-602ed238ffaa""]"	"[""Mass"", ""Other""]"	"[""Gradual/Antiphonal""]"
c6b2b873-bf77-5d36-9040-19d7b30666aa		Post evangelium	Post evangelium	2026-04-27T09:21:00.013070+00:00	"[""55c19bba-2c11-5dfa-8e6a-53006539eca4"", ""3f8ff2c7-a2b5-59c3-aeed-efdfaad3c3d1""]"	"[""c5f3f419-67d7-5c5d-85a2-602ed238ffaa""]"	"[""Mass"", ""Other""]"	"[""Gradual/Antiphonal""]"
6aba75e4-b397-56f8-8508-0c3e74dc71f2		Offerenda	Offerenda	2026-04-27T09:21:00.013070+00:00	"[""55c19bba-2c11-5dfa-8e6a-53006539eca4"", ""3f8ff2c7-a2b5-59c3-aeed-efdfaad3c3d1""]"	"[""c5f3f419-67d7-5c5d-85a2-602ed238ffaa""]"	"[""Mass"", ""Other""]"	"[""Gradual/Antiphonal""]"
d956d690-0276-511d-a88c-85fb2cd1d418		OfferendaV	OfferendaV	2026-04-27T09:21:00.013070+00:00	"[""55c19bba-2c11-5dfa-8e6a-53006539eca4"", ""3f8ff2c7-a2b5-59c3-aeed-efdfaad3c3d1""]"	"[""c5f3f419-67d7-5c5d-85a2-602ed238ffaa""]"	"[""Mass"", ""Other""]"	"[""Gradual/Antiphonal""]"
203a6042-32bb-579a-bd13-967b9466de43		Confractorium	Confractorium	2026-04-27T09:21:00.013070+00:00	"[""55c19bba-2c11-5dfa-8e6a-53006539eca4"", ""3f8ff2c7-a2b5-59c3-aeed-efdfaad3c3d1""]"	"[""c5f3f419-67d7-5c5d-85a2-602ed238ffaa""]"	"[""Mass"", ""Other""]"	"[""Gradual/Antiphonal""]"
356e8890-aa12-5ecc-b529-38fa47bcbcbb		Transitorium	Transitorium	2026-04-27T09:21:00.013070+00:00	"[""55c19bba-2c11-5dfa-8e6a-53006539eca4"", ""3f8ff2c7-a2b5-59c3-aeed-efdfaad3c3d1""]"	"[""c5f3f419-67d7-5c5d-85a2-602ed238ffaa""]"	"[""Mass"", ""Other""]"	"[""Gradual/Antiphonal""]"
817b690e-ab39-597c-a9a4-a5786d1f662e		Officium	Officium	2026-04-27T09:21:00.013070+00:00	"[""55c19bba-2c11-5dfa-8e6a-53006539eca4"", ""3f8ff2c7-a2b5-59c3-aeed-efdfaad3c3d1""]"	"[""c5f3f419-67d7-5c5d-85a2-602ed238ffaa""]"	"[""Mass"", ""Other""]"	"[""Gradual/Antiphonal""]"
a06028cb-8a1d-533f-af46-0b4b5a0ccdeb		OfficiumV	OfficiumV	2026-04-27T09:21:00.013070+00:00	"[""55c19bba-2c11-5dfa-8e6a-53006539eca4"", ""3f8ff2c7-a2b5-59c3-aeed-efdfaad3c3d1""]"	"[""c5f3f419-67d7-5c5d-85a2-602ed238ffaa""]"	"[""Mass"", ""Other""]"	"[""Gradual/Antiphonal""]"
a4b68e03-1252-5b73-bbcf-415a350849e5		Psallendo	Psallendo	2026-04-27T09:21:00.013070+00:00	"[""55c19bba-2c11-5dfa-8e6a-53006539eca4"", ""3f8ff2c7-a2b5-59c3-aeed-efdfaad3c3d1""]"	"[""c5f3f419-67d7-5c5d-85a2-602ed238ffaa""]"	"[""Mass"", ""Other""]"	"[""Gradual/Antiphonal""]"
86b5c0d9-cd74-5acf-b5ee-619c65ddf10c		PsallendoV	PsallendoV	2026-04-27T09:21:00.013070+00:00	"[""55c19bba-2c11-5dfa-8e6a-53006539eca4"", ""3f8ff2c7-a2b5-59c3-aeed-efdfaad3c3d1""]"	"[""c5f3f419-67d7-5c5d-85a2-602ed238ffaa""]"	"[""Mass"", ""Other""]"	"[""Gradual/Antiphonal""]"
9765e164-ce4b-5a3b-baf8-3f6d065f21ba		Tractus	Tractus	2026-04-27T09:21:00.013070+00:00	"[""55c19bba-2c11-5dfa-8e6a-53006539eca4"", ""3f8ff2c7-a2b5-59c3-aeed-efdfaad3c3d1""]"	"[""c5f3f419-67d7-5c5d-85a2-602ed238ffaa""]"	"[""Mass"", ""Other""]"	"[""Gradual/Antiphonal""]"
1ace09ca-e42c-565c-8fc1-b7c3d22b652b		TractusV	TractusV	2026-04-27T09:21:00.013070+00:00	"[""55c19bba-2c11-5dfa-8e6a-53006539eca4"", ""3f8ff2c7-a2b5-59c3-aeed-efdfaad3c3d1""]"	"[""c5f3f419-67d7-5c5d-85a2-602ed238ffaa""]"	"[""Mass"", ""Other""]"	"[""Gradual/Antiphonal""]"
339dbc27-b9e2-5064-a1c7-27c417052f7b		Lauda	Lauda	2026-04-27T09:21:00.013070+00:00	"[""55c19bba-2c11-5dfa-8e6a-53006539eca4"", ""3f8ff2c7-a2b5-59c3-aeed-efdfaad3c3d1""]"	"[""c5f3f419-67d7-5c5d-85a2-602ed238ffaa""]"	"[""Mass"", ""Other""]"	"[""Gradual/Antiphonal""]"
63582e8e-1f55-5468-b91d-272bab2383a1		LaudaV	LaudaV	2026-04-27T09:21:00.013070+00:00	"[""55c19bba-2c11-5dfa-8e6a-53006539eca4"", ""3f8ff2c7-a2b5-59c3-aeed-efdfaad3c3d1""]"	"[""c5f3f419-67d7-5c5d-85a2-602ed238ffaa""]"	"[""Mass"", ""Other""]"	"[""Gradual/Antiphonal""]"
97b851f2-927b-5982-ab88-16656beccba1		Sacrificium	Sacrificium	2026-04-27T09:21:00.013070+00:00	"[""55c19bba-2c11-5dfa-8e6a-53006539eca4"", ""3f8ff2c7-a2b5-59c3-aeed-efdfaad3c3d1""]"	"[""c5f3f419-67d7-5c5d-85a2-602ed238ffaa""]"	"[""Mass"", ""Other""]"	"[""Gradual/Antiphonal""]"
b13e425c-cdb3-55bd-ab0d-9a95071f5304		SacrificiumV	SacrificiumV	2026-04-27T09:21:00.013070+00:00	"[""55c19bba-2c11-5dfa-8e6a-53006539eca4"", ""3f8ff2c7-a2b5-59c3-aeed-efdfaad3c3d1""]"	"[""c5f3f419-67d7-5c5d-85a2-602ed238ffaa""]"	"[""Mass"", ""Other""]"	"[""Gradual/Antiphonal""]"
433b3219-bdb7-5251-98db-0df7ea55cdba		Ad confractionem panis	Ad confractionem panis	2026-04-27T09:21:00.013070+00:00	"[""55c19bba-2c11-5dfa-8e6a-53006539eca4"", ""3f8ff2c7-a2b5-59c3-aeed-efdfaad3c3d1""]"	"[""c5f3f419-67d7-5c5d-85a2-602ed238ffaa""]"	"[""Mass"", ""Other""]"	"[""Gradual/Antiphonal""]"
c0bb791c-e765-56d2-abc6-9cde8ad577c8		Ad accedentes	Ad accedentes	2026-04-27T09:21:00.013070+00:00	"[""55c19bba-2c11-5dfa-8e6a-53006539eca4"", ""3f8ff2c7-a2b5-59c3-aeed-efdfaad3c3d1""]"	"[""c5f3f419-67d7-5c5d-85a2-602ed238ffaa""]"	"[""Mass"", ""Other""]"	"[""Gradual/Antiphonal""]"
4ed583fc-93fa-5ad9-824e-dd7adaf8f361		Ad accedentesV	Ad accedentesV	2026-04-27T09:21:00.013070+00:00	"[""55c19bba-2c11-5dfa-8e6a-53006539eca4"", ""3f8ff2c7-a2b5-59c3-aeed-efdfaad3c3d1""]"	"[""c5f3f419-67d7-5c5d-85a2-602ed238ffaa""]"	"[""Mass"", ""Other""]"	"[""Gradual/Antiphonal""]"
3b4bd47d-df04-5377-be8a-801509328f6f		Communio	Communio	2026-04-27T09:21:00.013070+00:00	"[""55c19bba-2c11-5dfa-8e6a-53006539eca4"", ""3f8ff2c7-a2b5-59c3-aeed-efdfaad3c3d1""]"	"[""c5f3f419-67d7-5c5d-85a2-602ed238ffaa""]"	"[""Mass"", ""Other""]"	"[""Gradual/Antiphonal""]"
a290786e-6e56-5fa8-9498-5db4525f7742		Benedicamen	Benedicamen	2026-04-27T09:21:00.013070+00:00	"[""55c19bba-2c11-5dfa-8e6a-53006539eca4"", ""d73421c6-ff78-5b2d-bfcd-c20d72c54082"", ""3f8ff2c7-a2b5-59c3-aeed-efdfaad3c3d1""]"	"[""c5f3f419-67d7-5c5d-85a2-602ed238ffaa""]"	"[""Mass"", ""Office"", ""Other""]"	"[""Gradual/Antiphonal""]"
5701e51f-cffb-5987-8a7b-d982eb329f04		Litaniae	Litaniae	2026-04-27T09:21:00.013070+00:00	"[""55c19bba-2c11-5dfa-8e6a-53006539eca4"", ""3f8ff2c7-a2b5-59c3-aeed-efdfaad3c3d1""]"	"[""2eb31b98-98f0-5799-b58b-1c82e72356c0""]"	"[""Mass"", ""Other""]"	"[""Sacramentary/Collectary""]"
be752ba5-945a-5170-a968-3a0a5a2c9a50		Super populum	Super populum	2026-04-27T09:21:00.013070+00:00	"[""55c19bba-2c11-5dfa-8e6a-53006539eca4"", ""3f8ff2c7-a2b5-59c3-aeed-efdfaad3c3d1""]"	"[""2eb31b98-98f0-5799-b58b-1c82e72356c0""]"	"[""Mass"", ""Other""]"	"[""Sacramentary/Collectary""]"
4ee69bfa-91fe-5103-be74-ef8e7ebd359a		Super sindonem	Super sindonem	2026-04-27T09:21:00.013070+00:00	"[""55c19bba-2c11-5dfa-8e6a-53006539eca4"", ""3f8ff2c7-a2b5-59c3-aeed-efdfaad3c3d1""]"	"[""2eb31b98-98f0-5799-b58b-1c82e72356c0""]"	"[""Mass"", ""Other""]"	"[""Sacramentary/Collectary""]"
9a3abc25-2043-575d-82d2-5860dbb9bcb2		Super oblatam	Super oblatam	2026-04-27T09:21:00.013070+00:00	"[""55c19bba-2c11-5dfa-8e6a-53006539eca4"", ""3f8ff2c7-a2b5-59c3-aeed-efdfaad3c3d1""]"	"[""2eb31b98-98f0-5799-b58b-1c82e72356c0""]"	"[""Mass"", ""Other""]"	"[""Sacramentary/Collectary""]"
b711c6a4-0a76-584a-b575-121c86aeced3		Praefatio	Praefatio	2026-04-27T09:21:00.013070+00:00	"[""55c19bba-2c11-5dfa-8e6a-53006539eca4"", ""3f8ff2c7-a2b5-59c3-aeed-efdfaad3c3d1""]"	"[""2eb31b98-98f0-5799-b58b-1c82e72356c0""]"	"[""Mass"", ""Other""]"	"[""Sacramentary/Collectary""]"
96d342c9-a65b-5a9d-b0ce-cfc27ebcae00		Post communionem	Post communionem	2026-04-27T09:21:00.013070+00:00	"[""55c19bba-2c11-5dfa-8e6a-53006539eca4"", ""3f8ff2c7-a2b5-59c3-aeed-efdfaad3c3d1""]"	"[""2eb31b98-98f0-5799-b58b-1c82e72356c0""]"	"[""Mass"", ""Other""]"	"[""Sacramentary/Collectary""]"
3ae9f8e2-cfc9-515d-a495-34600751cb3b		Oratio post officium	Oratio post officium	2026-04-27T09:21:00.013070+00:00	"[""55c19bba-2c11-5dfa-8e6a-53006539eca4"", ""3f8ff2c7-a2b5-59c3-aeed-efdfaad3c3d1""]"	"[""2eb31b98-98f0-5799-b58b-1c82e72356c0""]"	"[""Mass"", ""Other""]"	"[""Sacramentary/Collectary""]"
b960de9a-3176-5f00-af69-b3947baf70b5		Missa	Missa	2026-04-27T09:21:00.013070+00:00	"[""55c19bba-2c11-5dfa-8e6a-53006539eca4"", ""3f8ff2c7-a2b5-59c3-aeed-efdfaad3c3d1""]"	"[""2eb31b98-98f0-5799-b58b-1c82e72356c0""]"	"[""Mass"", ""Other""]"	"[""Sacramentary/Collectary""]"
a39a5ec2-4dc5-5148-9915-954173c8e31a		Alia oratio	Alia oratio	2026-04-27T09:21:00.013070+00:00	"[""55c19bba-2c11-5dfa-8e6a-53006539eca4"", ""3f8ff2c7-a2b5-59c3-aeed-efdfaad3c3d1""]"	"[""2eb31b98-98f0-5799-b58b-1c82e72356c0""]"	"[""Mass"", ""Other""]"	"[""Sacramentary/Collectary""]"
05b7d20b-8cd2-5ace-bf07-1a12ffab1da8		Post nomina	Post nomina	2026-04-27T09:21:00.013070+00:00	"[""55c19bba-2c11-5dfa-8e6a-53006539eca4"", ""3f8ff2c7-a2b5-59c3-aeed-efdfaad3c3d1""]"	"[""2eb31b98-98f0-5799-b58b-1c82e72356c0""]"	"[""Mass"", ""Other""]"	"[""Sacramentary/Collectary""]"
2df293f3-6e66-54fd-a5fd-d891561444d6		Ad pacem	Ad pacem	2026-04-27T09:21:00.013070+00:00	"[""55c19bba-2c11-5dfa-8e6a-53006539eca4"", ""3f8ff2c7-a2b5-59c3-aeed-efdfaad3c3d1""]"	"[""2eb31b98-98f0-5799-b58b-1c82e72356c0""]"	"[""Mass"", ""Other""]"	"[""Sacramentary/Collectary""]"
f7861acc-437a-5076-9c7a-94004e85d249		Illatio	Illatio	2026-04-27T09:21:00.013070+00:00	"[""55c19bba-2c11-5dfa-8e6a-53006539eca4"", ""3f8ff2c7-a2b5-59c3-aeed-efdfaad3c3d1""]"	"[""2eb31b98-98f0-5799-b58b-1c82e72356c0""]"	"[""Mass"", ""Other""]"	"[""Sacramentary/Collectary""]"
5ec4a0a1-0b11-55d9-a983-1c64677b4331		Post Sanctus	Post Sanctus	2026-04-27T09:21:00.013070+00:00	"[""55c19bba-2c11-5dfa-8e6a-53006539eca4"", ""3f8ff2c7-a2b5-59c3-aeed-efdfaad3c3d1""]"	"[""2eb31b98-98f0-5799-b58b-1c82e72356c0""]"	"[""Mass"", ""Other""]"	"[""Sacramentary/Collectary""]"
1c133955-622c-5870-a291-37000130bf38		Post Pridie	Post Pridie	2026-04-27T09:21:00.013070+00:00	"[""55c19bba-2c11-5dfa-8e6a-53006539eca4"", ""3f8ff2c7-a2b5-59c3-aeed-efdfaad3c3d1""]"	"[""2eb31b98-98f0-5799-b58b-1c82e72356c0""]"	"[""Mass"", ""Other""]"	"[""Sacramentary/Collectary""]"
c9e04fd9-d3b7-5fe1-925b-53870dadcf0a		Ad orationem dominicam	Ad orationem dominicam	2026-04-27T09:21:00.013070+00:00	"[""55c19bba-2c11-5dfa-8e6a-53006539eca4"", ""3f8ff2c7-a2b5-59c3-aeed-efdfaad3c3d1""]"	"[""2eb31b98-98f0-5799-b58b-1c82e72356c0""]"	"[""Mass"", ""Other""]"	"[""Sacramentary/Collectary""]"
0cf7f70d-1834-5b87-bf71-f560d18ae754		Benedictio	Benedictio	2026-04-27T09:21:00.013070+00:00	"[""55c19bba-2c11-5dfa-8e6a-53006539eca4"", ""3f8ff2c7-a2b5-59c3-aeed-efdfaad3c3d1""]"	"[""2eb31b98-98f0-5799-b58b-1c82e72356c0""]"	"[""Mass"", ""Other""]"	"[""Sacramentary/Collectary""]"
1d8d048a-f48d-580c-be70-f89e3cb83c4a		Collectio	Collectio	2026-04-27T09:21:00.013070+00:00	"[""55c19bba-2c11-5dfa-8e6a-53006539eca4"", ""3f8ff2c7-a2b5-59c3-aeed-efdfaad3c3d1""]"	"[""2eb31b98-98f0-5799-b58b-1c82e72356c0""]"	"[""Mass"", ""Other""]"	"[""Sacramentary/Collectary""]"
c6f10ba1-c513-5b8f-aedb-a109a1e6f92d		Post prophetiam	Post prophetiam	2026-04-27T09:21:00.013070+00:00	"[""55c19bba-2c11-5dfa-8e6a-53006539eca4"", ""3f8ff2c7-a2b5-59c3-aeed-efdfaad3c3d1""]"	"[""2eb31b98-98f0-5799-b58b-1c82e72356c0""]"	"[""Mass"", ""Other""]"	"[""Sacramentary/Collectary""]"
3501b9b1-2eba-596a-ba2d-c98f10000820		Post precem	Post precem	2026-04-27T09:21:00.013070+00:00	"[""55c19bba-2c11-5dfa-8e6a-53006539eca4"", ""3f8ff2c7-a2b5-59c3-aeed-efdfaad3c3d1""]"	"[""2eb31b98-98f0-5799-b58b-1c82e72356c0""]"	"[""Mass"", ""Other""]"	"[""Sacramentary/Collectary""]"
1d08ab4e-a9e9-5610-abe7-3d42b00cbd77		Post Aius	Post Aius	2026-04-27T09:21:00.013070+00:00	"[""55c19bba-2c11-5dfa-8e6a-53006539eca4"", ""3f8ff2c7-a2b5-59c3-aeed-efdfaad3c3d1""]"	"[""2eb31b98-98f0-5799-b58b-1c82e72356c0""]"	"[""Mass"", ""Other""]"	"[""Sacramentary/Collectary""]"
8a04b202-d0a9-5a34-9015-4330aa8609e5		Ante nomina	Ante nomina	2026-04-27T09:21:00.013070+00:00	"[""55c19bba-2c11-5dfa-8e6a-53006539eca4"", ""3f8ff2c7-a2b5-59c3-aeed-efdfaad3c3d1""]"	"[""2eb31b98-98f0-5799-b58b-1c82e72356c0""]"	"[""Mass"", ""Other""]"	"[""Sacramentary/Collectary""]"
aa7b0e45-0301-5077-80ae-78fe03654f5c		Super oblata	Super oblata	2026-04-27T09:21:00.013070+00:00	"[""55c19bba-2c11-5dfa-8e6a-53006539eca4"", ""3f8ff2c7-a2b5-59c3-aeed-efdfaad3c3d1""]"	"[""2eb31b98-98f0-5799-b58b-1c82e72356c0""]"	"[""Mass"", ""Other""]"	"[""Sacramentary/Collectary""]"
11b579fe-649c-5bbf-8058-b1c4e8694fee		Secreta	Secreta	2026-04-27T09:21:00.013070+00:00	"[""55c19bba-2c11-5dfa-8e6a-53006539eca4"", ""3f8ff2c7-a2b5-59c3-aeed-efdfaad3c3d1""]"	"[""2eb31b98-98f0-5799-b58b-1c82e72356c0""]"	"[""Mass"", ""Other""]"	"[""Sacramentary/Collectary""]"
0d1a5322-2d7a-589e-9c57-7f7fc3ed64fe		Contestatio	Contestatio	2026-04-27T09:21:00.013070+00:00	"[""55c19bba-2c11-5dfa-8e6a-53006539eca4"", ""3f8ff2c7-a2b5-59c3-aeed-efdfaad3c3d1""]"	"[""2eb31b98-98f0-5799-b58b-1c82e72356c0""]"	"[""Mass"", ""Other""]"	"[""Sacramentary/Collectary""]"
b93e6248-2e82-5fc0-ad04-dee29535c58c		Super munera	Super munera	2026-04-27T09:21:00.013070+00:00	"[""55c19bba-2c11-5dfa-8e6a-53006539eca4"", ""3f8ff2c7-a2b5-59c3-aeed-efdfaad3c3d1""]"	"[""2eb31b98-98f0-5799-b58b-1c82e72356c0""]"	"[""Mass"", ""Other""]"	"[""Sacramentary/Collectary""]"
d29b5df6-e9e6-53b7-8cdb-7ad366a0d717		Immolatio	Immolatio	2026-04-27T09:21:00.013070+00:00	"[""55c19bba-2c11-5dfa-8e6a-53006539eca4"", ""3f8ff2c7-a2b5-59c3-aeed-efdfaad3c3d1""]"	"[""2eb31b98-98f0-5799-b58b-1c82e72356c0""]"	"[""Mass"", ""Other""]"	"[""Sacramentary/Collectary""]"
bdc65b5a-19f0-5d0d-8916-6738d8798eed		Post secreta	Post secreta	2026-04-27T09:21:00.013070+00:00	"[""55c19bba-2c11-5dfa-8e6a-53006539eca4"", ""3f8ff2c7-a2b5-59c3-aeed-efdfaad3c3d1""]"	"[""2eb31b98-98f0-5799-b58b-1c82e72356c0""]"	"[""Mass"", ""Other""]"	"[""Sacramentary/Collectary""]"
757c15e5-e945-50f3-862e-ed33879bbd71		Post mysterium	Post mysterium	2026-04-27T09:21:00.013070+00:00	"[""55c19bba-2c11-5dfa-8e6a-53006539eca4"", ""3f8ff2c7-a2b5-59c3-aeed-efdfaad3c3d1""]"	"[""2eb31b98-98f0-5799-b58b-1c82e72356c0""]"	"[""Mass"", ""Other""]"	"[""Sacramentary/Collectary""]"
4feb294e-e18f-5b58-9155-a048650ef706		Ante orationem dominicam	Ante orationem dominicam	2026-04-27T09:21:00.013070+00:00	"[""55c19bba-2c11-5dfa-8e6a-53006539eca4"", ""3f8ff2c7-a2b5-59c3-aeed-efdfaad3c3d1""]"	"[""2eb31b98-98f0-5799-b58b-1c82e72356c0""]"	"[""Mass"", ""Other""]"	"[""Sacramentary/Collectary""]"
65502ef9-e1dd-57c6-9242-3359c7ba2678		Post orationem dominicam	Post orationem dominicam	2026-04-27T09:21:00.013070+00:00	"[""55c19bba-2c11-5dfa-8e6a-53006539eca4"", ""3f8ff2c7-a2b5-59c3-aeed-efdfaad3c3d1""]"	"[""2eb31b98-98f0-5799-b58b-1c82e72356c0""]"	"[""Mass"", ""Other""]"	"[""Sacramentary/Collectary""]"
f28d356b-cdbb-5ffc-ba91-d44f193151c6		Benedictio populi	Benedictio populi	2026-04-27T09:21:00.013070+00:00	"[""55c19bba-2c11-5dfa-8e6a-53006539eca4"", ""3f8ff2c7-a2b5-59c3-aeed-efdfaad3c3d1""]"	"[""2eb31b98-98f0-5799-b58b-1c82e72356c0""]"	"[""Mass"", ""Other""]"	"[""Sacramentary/Collectary""]"
237a4c03-c5ca-5adf-af82-2babacc2494e		Post Eucharistiam	Post Eucharistiam	2026-04-27T09:21:00.013070+00:00	"[""55c19bba-2c11-5dfa-8e6a-53006539eca4"", ""3f8ff2c7-a2b5-59c3-aeed-efdfaad3c3d1""]"	"[""2eb31b98-98f0-5799-b58b-1c82e72356c0""]"	"[""Mass"", ""Other""]"	"[""Sacramentary/Collectary""]"
63b9867a-39c0-5a3a-834e-7dc415a06e69		Consummatio missae	Consummatio missae	2026-04-27T09:21:00.013070+00:00	"[""55c19bba-2c11-5dfa-8e6a-53006539eca4"", ""3f8ff2c7-a2b5-59c3-aeed-efdfaad3c3d1""]"	"[""2eb31b98-98f0-5799-b58b-1c82e72356c0""]"	"[""Mass"", ""Other""]"	"[""Sacramentary/Collectary""]"
30230f69-e5ab-53cc-b719-8432dba9a64b		Consecratio	Consecratio	2026-04-27T09:21:00.013070+00:00	"[""55c19bba-2c11-5dfa-8e6a-53006539eca4"", ""3f8ff2c7-a2b5-59c3-aeed-efdfaad3c3d1""]"	"[""2eb31b98-98f0-5799-b58b-1c82e72356c0""]"	"[""Mass"", ""Other""]"	"[""Sacramentary/Collectary""]"
eb70c1e5-597f-5653-9f6a-6ec883ebe16c		Inv	Invitatory	2026-04-27T09:21:00.013070+00:00	"[""d73421c6-ff78-5b2d-bfcd-c20d72c54082"", ""3f8ff2c7-a2b5-59c3-aeed-efdfaad3c3d1""]"	"[""c5f3f419-67d7-5c5d-85a2-602ed238ffaa""]"	"[""Office"", ""Other""]"	"[""Gradual/Antiphonal""]"
bd000ca4-23c4-5c4a-9a35-e3ad6b82df7f		Ant	Antiphon	2026-04-27T09:21:00.013070+00:00	"[""d73421c6-ff78-5b2d-bfcd-c20d72c54082"", ""3f8ff2c7-a2b5-59c3-aeed-efdfaad3c3d1""]"	"[""c5f3f419-67d7-5c5d-85a2-602ed238ffaa""]"	"[""Office"", ""Other""]"	"[""Gradual/Antiphonal""]"
dc1d1edf-5acc-58a5-a3d6-516fe4e7b26e		AntV	Antiphon Verse	2026-04-27T09:21:00.013070+00:00	"[""d73421c6-ff78-5b2d-bfcd-c20d72c54082"", ""3f8ff2c7-a2b5-59c3-aeed-efdfaad3c3d1""]"	"[""c5f3f419-67d7-5c5d-85a2-602ed238ffaa""]"	"[""Office"", ""Other""]"	"[""Gradual/Antiphonal""]"
171886c2-cc03-5c62-9d91-eb67e9bf14a5		AntB	Antiphon for Benedictus	2026-04-27T09:21:00.013070+00:00	"[""d73421c6-ff78-5b2d-bfcd-c20d72c54082"", ""3f8ff2c7-a2b5-59c3-aeed-efdfaad3c3d1""]"	"[""c5f3f419-67d7-5c5d-85a2-602ed238ffaa""]"	"[""Office"", ""Other""]"	"[""Gradual/Antiphonal""]"
21721368-cafa-59fd-b216-5c215a94e5fe		AntQ	Antiphon for Quicumque	2026-04-27T09:21:00.013070+00:00	"[""d73421c6-ff78-5b2d-bfcd-c20d72c54082"", ""3f8ff2c7-a2b5-59c3-aeed-efdfaad3c3d1""]"	"[""c5f3f419-67d7-5c5d-85a2-602ed238ffaa""]"	"[""Office"", ""Other""]"	"[""Gradual/Antiphonal""]"
6789fe79-be3d-58e2-9019-bf14a791100a		AntM	Antiphon for Magnificat	2026-04-27T09:21:00.013070+00:00	"[""d73421c6-ff78-5b2d-bfcd-c20d72c54082"", ""3f8ff2c7-a2b5-59c3-aeed-efdfaad3c3d1""]"	"[""c5f3f419-67d7-5c5d-85a2-602ed238ffaa""]"	"[""Office"", ""Other""]"	"[""Gradual/Antiphonal""]"
48fab603-2d65-529f-8577-dbfad4668d86		AntN	Antiphon for Nunc dimittis	2026-04-27T09:21:00.013070+00:00	"[""d73421c6-ff78-5b2d-bfcd-c20d72c54082"", ""3f8ff2c7-a2b5-59c3-aeed-efdfaad3c3d1""]"	"[""c5f3f419-67d7-5c5d-85a2-602ed238ffaa""]"	"[""Office"", ""Other""]"	"[""Gradual/Antiphonal""]"
8c26b598-a297-59d1-949c-10124899d747		R	Responsory	2026-04-27T09:21:00.013070+00:00	"[""d73421c6-ff78-5b2d-bfcd-c20d72c54082"", ""3f8ff2c7-a2b5-59c3-aeed-efdfaad3c3d1""]"	"[""c5f3f419-67d7-5c5d-85a2-602ed238ffaa""]"	"[""Office"", ""Other""]"	"[""Gradual/Antiphonal""]"
c05002ee-b413-5d6f-a6ad-e679502da3e6		RV	Responsory Verse	2026-04-27T09:21:00.013070+00:00	"[""d73421c6-ff78-5b2d-bfcd-c20d72c54082"", ""3f8ff2c7-a2b5-59c3-aeed-efdfaad3c3d1""]"	"[""c5f3f419-67d7-5c5d-85a2-602ed238ffaa""]"	"[""Office"", ""Other""]"	"[""Gradual/Antiphonal""]"
4ba42eeb-8f67-5c93-a04a-76e8f5566b3d		RTrop	Responsory Trope	2026-04-27T09:21:00.013070+00:00	"[""d73421c6-ff78-5b2d-bfcd-c20d72c54082"", ""3f8ff2c7-a2b5-59c3-aeed-efdfaad3c3d1""]"	"[""c5f3f419-67d7-5c5d-85a2-602ed238ffaa""]"	"[""Office"", ""Other""]"	"[""Gradual/Antiphonal""]"
04e9ea8a-4777-54fe-b28a-2c2ad7cb3bc5		Rb	Short Responsory	2026-04-27T09:21:00.013070+00:00	"[""d73421c6-ff78-5b2d-bfcd-c20d72c54082"", ""3f8ff2c7-a2b5-59c3-aeed-efdfaad3c3d1""]"	"[""c5f3f419-67d7-5c5d-85a2-602ed238ffaa""]"	"[""Office"", ""Other""]"	"[""Gradual/Antiphonal""]"
8becb45d-781d-5fe9-ad2c-2018e15efcb0		RbV	Short Responsory Verse	2026-04-27T09:21:00.013070+00:00	"[""d73421c6-ff78-5b2d-bfcd-c20d72c54082"", ""3f8ff2c7-a2b5-59c3-aeed-efdfaad3c3d1""]"	"[""c5f3f419-67d7-5c5d-85a2-602ed238ffaa""]"	"[""Office"", ""Other""]"	"[""Gradual/Antiphonal""]"
9722f241-6d96-523e-bd2a-b796604b3ae3		H	Hymn	2026-04-27T09:21:00.013070+00:00	"[""d73421c6-ff78-5b2d-bfcd-c20d72c54082"", ""3f8ff2c7-a2b5-59c3-aeed-efdfaad3c3d1""]"	"[""c5f3f419-67d7-5c5d-85a2-602ed238ffaa""]"	"[""Office"", ""Other""]"	"[""Gradual/Antiphonal""]"
44949c48-3a9f-5084-8fcc-2a245a77e520		HDiv	Hymn division	2026-04-27T09:21:00.013070+00:00	"[""d73421c6-ff78-5b2d-bfcd-c20d72c54082"", ""3f8ff2c7-a2b5-59c3-aeed-efdfaad3c3d1""]"	"[""c5f3f419-67d7-5c5d-85a2-602ed238ffaa""]"	"[""Office"", ""Other""]"	"[""Gradual/Antiphonal""]"
c8e3fe6d-2c2f-583b-8078-2ba493d54efa		HStr	Hymn strophe	2026-04-27T09:21:00.013070+00:00	"[""d73421c6-ff78-5b2d-bfcd-c20d72c54082"", ""3f8ff2c7-a2b5-59c3-aeed-efdfaad3c3d1""]"	"[""c5f3f419-67d7-5c5d-85a2-602ed238ffaa""]"	"[""Office"", ""Other""]"	"[""Gradual/Antiphonal""]"
a289a815-0711-516f-a380-b9dba50a486f		Ps	Psalm (or its division)	2026-04-27T09:21:00.013070+00:00	"[""d73421c6-ff78-5b2d-bfcd-c20d72c54082"", ""3f8ff2c7-a2b5-59c3-aeed-efdfaad3c3d1""]"	"[""c5f3f419-67d7-5c5d-85a2-602ed238ffaa""]"	"[""Office"", ""Other""]"	"[""Gradual/Antiphonal""]"
157c078d-2de2-58e1-b5cb-8ed485a0f81a		CantVT	Canticle from the Old Testament	2026-04-27T09:21:00.013070+00:00	"[""d73421c6-ff78-5b2d-bfcd-c20d72c54082"", ""3f8ff2c7-a2b5-59c3-aeed-efdfaad3c3d1""]"	"[""c5f3f419-67d7-5c5d-85a2-602ed238ffaa""]"	"[""Office"", ""Other""]"	"[""Gradual/Antiphonal""]"
cf5c6def-75e9-553c-9f26-4f5448edf7f7		CantNT	Canticle from the New Testament, including the Symbol of St Athanasius	2026-04-27T09:21:00.013070+00:00	"[""d73421c6-ff78-5b2d-bfcd-c20d72c54082"", ""3f8ff2c7-a2b5-59c3-aeed-efdfaad3c3d1""]"	"[""c5f3f419-67d7-5c5d-85a2-602ed238ffaa""]"	"[""Office"", ""Other""]"	"[""Gradual/Antiphonal""]"
6bf94722-19e4-53de-99c9-962d86a60a90		W	Versicle	2026-04-27T09:21:00.013070+00:00	"[""d73421c6-ff78-5b2d-bfcd-c20d72c54082"", ""3f8ff2c7-a2b5-59c3-aeed-efdfaad3c3d1""]"	"[""c5f3f419-67d7-5c5d-85a2-602ed238ffaa""]"	"[""Office"", ""Other""]"	"[""Gradual/Antiphonal""]"
a52d0c84-4027-59ba-8186-f0ba6a332783		WSac	Versiculus sacerdotalis	2026-04-27T09:21:00.013070+00:00	"[""d73421c6-ff78-5b2d-bfcd-c20d72c54082"", ""3f8ff2c7-a2b5-59c3-aeed-efdfaad3c3d1""]"	"[""c5f3f419-67d7-5c5d-85a2-602ed238ffaa""]"	"[""Office"", ""Other""]"	"[""Gradual/Antiphonal""]"
6bdf78df-c9ee-56f8-8aa5-a82c284be1a9		F	Formula	2026-04-27T09:21:00.013070+00:00	"[""3f8ff2c7-a2b5-59c3-aeed-efdfaad3c3d1""]"	"[""2eb31b98-98f0-5799-b58b-1c82e72356c0""]"	"[""Other""]"	"[""Sacramentary/Collectary""]"
ece9512e-cd28-58b1-91e4-8a649360fe83		Ex	Exorcism	2026-04-27T09:21:00.013070+00:00	"[""3f8ff2c7-a2b5-59c3-aeed-efdfaad3c3d1""]"	"[""2eb31b98-98f0-5799-b58b-1c82e72356c0""]"	"[""Other""]"	"[""Sacramentary/Collectary""]"
7b9d2024-3b1e-5c4d-a481-3006d04ef709		Pf	Preface, i.e. invitation to prayer	2026-04-27T09:21:00.013070+00:00	"[""3f8ff2c7-a2b5-59c3-aeed-efdfaad3c3d1""]"	"[""2eb31b98-98f0-5799-b58b-1c82e72356c0""]"	"[""Other""]"	"[""Sacramentary/Collectary""]"
2689b7ac-59c8-5f86-946b-efa40e8fbdaa		Alloc	Allocution	2026-04-27T09:21:00.013070+00:00	"[""3f8ff2c7-a2b5-59c3-aeed-efdfaad3c3d1""]"	"[""2eb31b98-98f0-5799-b58b-1c82e72356c0""]"	"[""Other""]"	"[""Sacramentary/Collectary""]"
d92afa21-b594-53cc-b84b-56d5ac348602		Lit	Litany	2026-04-27T09:21:00.013070+00:00	"[""3f8ff2c7-a2b5-59c3-aeed-efdfaad3c3d1""]"	"[""c5f3f419-67d7-5c5d-85a2-602ed238ffaa""]"	"[""Other""]"	"[""Gradual/Antiphonal""]"
88066a13-3dae-5975-9175-ac75215e9b4b		Abs	Absolution	2026-04-27T09:21:00.013070+00:00	"[""3f8ff2c7-a2b5-59c3-aeed-efdfaad3c3d1""]"	"[""2eb31b98-98f0-5799-b58b-1c82e72356c0""]"	"[""Other""]"	"[""Sacramentary/Collectary""]"
acdfa7eb-39e8-5fd4-ae34-119718f4b58b		Ben	Blessing (not triple pontifical)	2026-04-27T09:21:00.013070+00:00	"[""3f8ff2c7-a2b5-59c3-aeed-efdfaad3c3d1""]"	"[""2eb31b98-98f0-5799-b58b-1c82e72356c0""]"	"[""Other""]"	"[""Sacramentary/Collectary""]"
4e7806fb-646d-5c56-8184-aad1175c47cc		Lec	Biblical Reading	2026-04-27T09:21:00.013070+00:00	"[""d73421c6-ff78-5b2d-bfcd-c20d72c54082"", ""3f8ff2c7-a2b5-59c3-aeed-efdfaad3c3d1""]"	"[""8a4077b5-9979-5af3-a14f-24d3ed4f45ea""]"	"[""Office"", ""Other""]"	"[""Lectionary""]"
434d0d12-ea92-54ba-8f29-f0fbf438c374		Ser	Sermon	2026-04-27T09:21:00.013070+00:00	"[""d73421c6-ff78-5b2d-bfcd-c20d72c54082"", ""3f8ff2c7-a2b5-59c3-aeed-efdfaad3c3d1""]"	"[""8a4077b5-9979-5af3-a14f-24d3ed4f45ea""]"	"[""Office"", ""Other""]"	"[""Lectionary""]"
9a169969-e815-57fe-b334-c86542e1a784		Leg	Legend	2026-04-27T09:21:00.013070+00:00	"[""d73421c6-ff78-5b2d-bfcd-c20d72c54082"", ""3f8ff2c7-a2b5-59c3-aeed-efdfaad3c3d1""]"	"[""8a4077b5-9979-5af3-a14f-24d3ed4f45ea""]"	"[""Office"", ""Other""]"	"[""Lectionary""]"
3a91f49a-388f-5cd5-bea0-a4f90e9ac634		Hom	Homily	2026-04-27T09:21:00.013070+00:00	"[""d73421c6-ff78-5b2d-bfcd-c20d72c54082"", ""3f8ff2c7-a2b5-59c3-aeed-efdfaad3c3d1""]"	"[""8a4077b5-9979-5af3-a14f-24d3ed4f45ea""]"	"[""Office"", ""Other""]"	"[""Lectionary""]"
5b287831-28e6-57ba-a4cb-96f2053bb217		Cap	Chapter	2026-04-27T09:21:00.013070+00:00	"[""d73421c6-ff78-5b2d-bfcd-c20d72c54082"", ""3f8ff2c7-a2b5-59c3-aeed-efdfaad3c3d1""]"	"[""2eb31b98-98f0-5799-b58b-1c82e72356c0"", ""8a4077b5-9979-5af3-a14f-24d3ed4f45ea""]"	"[""Office"", ""Other""]"	"[""Sacramentary/Collectary"", ""Lectionary""]"
38b690a7-926d-58a0-9e83-c199bcde57be		Rub	Rubric	2026-04-27T09:21:00.013070+00:00	[]	"[""c909ccd5-d4aa-54ef-8ecf-67df08b21ab3""]"	[]	"[""Rubric""]"
