uuid	legacy_id	usu_id	cantus_id	co_no	formula_uuid	standard_incipit	standard_full_text	entry_date
72dd022d-b775-5dde-8d95-c9e19a71f526		1	g02104			Accipite iucunditatem	Accipite iucunditatem gloriae vestrae alleluia gratias agentes Deo alleluia qui vos ad caelestia regna vocavit alleluia alleluia alleluia.	2026-04-27T09:21:05.801210+00:00
ed540b23-1989-53c7-9712-d5994ceccd52		2	g00489			Ad te levavi	Ad te levavi animam meam Deus meus in te confido non erubescam neque irrideant me inimici mei etenim universi qui te exspectant non confundentur.	2026-04-27T09:21:05.801210+00:00
a5207e4f-084b-5dde-819c-3c6b1e730396		3				Ad vesperum demorabitur fletus	Ad vesperum demorabitur fletus et ad matutinum laetitia.	2026-04-27T09:21:05.801210+00:00
bbe8a24f-b246-5ab0-9421-b7473748e3b8		4	g00625			Adorate Deum	Adorate Deum omnes angeli eius audivit et laetata est Sion et exsultaverunt filiae Iudae.	2026-04-27T09:21:05.801210+00:00
2c5263a9-51b1-5446-8482-d22d1d18fd17		5				Adorna thalamum	Adorna thalamum tuum Ierusalem et suscipe Christum regem puerum in templo sedentem in medio doctorum disserentem quem Virgo concepit Virgo peperit Virgo post partum quem genuit adoravit.	2026-04-27T09:21:05.801210+00:00
2485dac4-4afd-5379-89ff-0f2d6ec43829		6				Agonista Vincentius	Agonista Vincentius exivit vincens ut vinceret et consummatus in brevi explevit tempora multa iustus de angustia liberatus est dicens.	2026-04-27T09:21:05.801210+00:00
128ea9da-d040-5769-80c6-e1cb84175964		7				Alma Virgo virginum	Alma Virgo virginum sancta Dei Genitrix pro devotis porrige ancillis tuis preces obnixas ad Filium quae parturientium benigna es auxiliatrix.	2026-04-27T09:21:05.801210+00:00
6993cb53-36c3-5189-8fc4-4e5367306235		8	g02763			Angelis suis	Angelis suis Deus mandavit de te ut custodiant te in omnibus viis tuis in manibus portabunt te ne forte offendas ad lapidem pedem tuum.	2026-04-27T09:21:05.801210+00:00
d0d39dd5-4785-5d2c-9624-d32ed466cd9e		9	g01611			Angelus Domini apparuit	Angelus Domini apparuit in somnis Ioseph dicens surge et accipe puerum et matrem eius et fuge in Aegyptum.	2026-04-27T09:21:05.801210+00:00
9413afe8-d3b6-59f8-8795-00163ae78fb7		10				Antequam comedam suspiro	Antequam comedam suspiro ad te aeterne medice quia induta est caro mea putredine et sordibus pulveris cutis mea aruit contracta est respice Domine et miserere mei quia tibi soli peccavi.	2026-04-27T09:21:05.801210+00:00
9d48618d-475f-5fcd-8443-9cda49997217		11	g01020			Aqua sapientiae	Aqua sapientiae potabit eos alleluia firmabitur in illis et non flectetur alleluia et exaltabit eos in aeternum alleluia alleluia.	2026-04-27T09:21:05.801210+00:00
d0fa4794-0ec3-57b9-bee7-492984e3e6b4		12				Astitit regina	Astitit regina a dextris tuis proximae eius offerentur tibi.	2026-04-27T09:21:05.801210+00:00
380d411f-5ade-5a24-ba55-0d3aa531a8d5		13				Attendite populi	Attendite populi sanguinis Agni proni virtutem exspectantes quo Maria gemitu ante Crucem deploravit.	2026-04-27T09:21:05.801210+00:00
7c400a15-a532-5cdd-829a-319e3cf88dcf		14				Audivi vocem	Audivi vocem de caelo venientem venite omnes virgines sapientissimae oleum recondite in vasis vestris dum sponsus advenit.	2026-04-27T09:21:05.801210+00:00
6c2c9afb-e298-5565-9b8d-b48c4bab7403		15	g00670			Audivit Dominus	Audivit Dominus et misertus est mihi Dominus factus est adiutor meus.	2026-04-27T09:21:05.801210+00:00
6d978f3c-fdea-5872-bded-f0d0c848fbc9		16				Ave alme martyr	Ave alme martyr nunc Blasi Christi cura omni et morbo cephasque Dei dono es in perpetuum.	2026-04-27T09:21:05.801210+00:00
0d35c1e9-0d2b-5bbd-bc54-c8d92c3d587c		17				Ave gemma	Ave gemma totius populi flos cleri confessor Domini Nicolae.	2026-04-27T09:21:05.801210+00:00
6ae8338e-267e-59b5-8157-d8108b8aff2b		18				Ave spes nostra	Aves spes nostra Dei Genitrix Virgo Maria quae meruisti portare regem caelorum et Dominum alleluia alleluia.	2026-04-27T09:21:05.801210+00:00
53bb1a20-89b9-5577-9c10-2ef73ae8473e		19				Beatus Martinus	Beatus Martinus obitum suum longe ante praescivit dixitque fratribus dissolutionem sui corporis imminere quia indicavit se iam resolvi.	2026-04-27T09:21:05.801210+00:00
93a17eb3-4726-52f5-a4ff-bb01580950e2		20				Beatus Nicolaus	Beatus Nicolaus pontifex summus mandatis obsequens sanctis aetherea regna petiit quem fidei meritis Christus dare praesulem praevidit suo populo.	2026-04-27T09:21:05.801210+00:00
f2da4382-1d7a-58b0-9ee5-b849f9cb70d9		21				Beatus quem elegisti	Beatus quem elegisti et assumpsisti Domine habitabit in tabernaculis tuis.	2026-04-27T09:21:05.801210+00:00
3387a85b-5386-5220-b5f4-43ecd00881bf		22				Beatus Theobaldus	Beatus Theobaldus prosapia nobili editus cum puerillem teneret aetatem civis huius saeculi spretis divitiis pauper Christum pauperem secutus est.	2026-04-27T09:21:05.801210+00:00
727364eb-e0d8-5909-8fae-2f7cb6641669		23				Benedic anima mea	Benedic anima mea Domino et noli oblivisci omnes retributiones eius quia non secundum peccata nostra fecit nobis neque secundum iniquitates nostras retribuit nobis.	2026-04-27T09:21:05.801210+00:00
cefeb4e4-ba46-5df4-9cac-2f9be6b3274d		24	g02711			Benedicite Domino omnes angeli	Benedicite Dominum omnes angeli eius alleluia potentes virtute qui facitis verbum eius alleluia ad audiendam vocem sermonum eius alleluia alleluia.	2026-04-27T09:21:05.801210+00:00
8a95fbae-6b3a-54f1-adca-21bd89007aac		25	g01116			Benedicta sit	Benedicta sit sancta Trinitas atque indivisa Unitas confitebimur ei quia fecit nobiscum misericordiam suam.	2026-04-27T09:21:05.801210+00:00
5bf08393-ef9f-5759-b492-af908ed8f02f		26				Benedicta tu a Deo	Benedicta tu a Deo tuo Maria in omni tabernaculo Iacob quoniam in omni gente quae audierit nomen tuum magnificabitur super te Deus Israel.	2026-04-27T09:21:05.801210+00:00
2dc60ee9-163b-593a-bb18-cba0d753119e		27				Benedictus Dominus	Benedictus Dominus qui non amovit orationem meam et misericordiam suam a me sed exaudivit et attendit voci deprecationis a me.	2026-04-27T09:21:05.801210+00:00
34cdaeae-c432-5eca-82b1-2b3102ee4392		28	g03189			Caeli enarrant	Caeli enarrant gloriam Dei et opera manuum eius annuntiat firmamentum dies diei eructat verbum et nox nocti indicat scientiam.	2026-04-27T09:21:05.801210+00:00
5e574ed0-d1ee-549b-9842-1c9784439b7e		29				Canite tuba	Canite tuba in Sion sonet Mariae nomen in auribus nostris et corda nostra exsultabunda iubilent.	2026-04-27T09:21:05.801210+00:00
af4e198c-a836-5e0c-9dea-31b4df6420fd		30	g01063			Cantate Domino canticum novum	Cantate Domino canticum novum alleluia quia mirabilia fecit Dominus alleluia ante conspectum gentium revelavit iustitiam suam alleluia alleluia.	2026-04-27T09:21:05.801210+00:00
d3e0bd10-5917-54b5-928e-01a149c7acf7		31				Canticum laetitiae	"Canticum laetitiae cantent omnes populi 
rectores Ecclesiae laudate nomen Domini 
festum Barbarae eiusque martyrii 
celebrantes hodie de quo gaudent angeli."	2026-04-27T09:21:05.801210+00:00
6c9fcce2-7607-5d21-a89b-ef7a08287b6b		32	g01109			Caritas Dei	Caritas Dei diffusa est in cordibus vestris alleluia per inhabitantem Spiritum eius in vobis alleluia alleluia.	2026-04-27T09:21:05.801210+00:00
99eeda8f-36cf-5323-bbbf-c78c8ed226b8		725				Celebremus exsultantes beati Blasii devote sollemnium	"Celebremus exsultantes beati Blasii devote sollemnium 
iubilemus laudantes pia mente eiusque nobilissimum martyrium 
per quod Deus traxit eum hodie ad caeli gaudium Domini."	2026-04-27T09:21:05.801210+00:00
a1a5b3e8-fa34-5614-9609-897ed7e99709		33				Celebremus exsultantes sancti festa Blasii	"Celebremus exsultantes sancti festa Blasii 
ut in caelo mereamur eius esse socii 
cuius prece nobis Deus donet caeli gaudia. "	2026-04-27T09:21:05.801210+00:00
a5651317-d90c-5e49-b2bf-235ff0652605		34				Celebremus omnes	Celebremus omnes cum gaudio diem festum dignum obsequio Magdalenae cuius translatio mundo fulget virtutum radio cui cantat sanctorum concio alleluia.	2026-04-27T09:21:05.801210+00:00
a4627fd7-25e8-56be-9cb2-eb2888634ea9		35	g02621			Christe Deus plebem tuam	"Christe Deus plebem tuam miserator conserva 
per beati Saturnini praedicanda merita 
nos per eius interventum a peccatis libera 
paradisi mereamur introire gaudia."	2026-04-27T09:21:05.801210+00:00
da256f89-12e8-59fe-85b4-aa0ac0b15bb7		36				Christo confixa sum Cruci	Christo confixa sum Cruci nemo mihi molestus sit vivo autem iam non ego vivit vero in me Christus quoniam dilexit me et tradidit semetipsum propter me.	2026-04-27T09:21:05.801210+00:00
6eb3b612-3e58-5af4-b8a8-4374ebe40eb8		37				Christus factus est	Christus factus est pro nobis oboediens usque ad mortem mortem autem Crucis propter quod et Deus exaltavit illum et dedit illi nomen quod est super omne nomen.	2026-04-27T09:21:05.801210+00:00
ed3414f4-df2a-51e5-a14a-7beedd74f9ab		38	g01096			Cibavit eos	Cibavit eos ex adipe frumenti alleluia et de petra melle saturavit eos alleluia alleluia alleluia.	2026-04-27T09:21:05.801210+00:00
96fc3a72-c1f5-5815-9b4a-0d7670242d6f		39	g00631			Circumdederunt me	Circumdederunt me gemitus mortis dolores inferni circumdederunt me in tribulatione mea invocavi Dominum et exaudivit de templo sancto suo vocem meam.	2026-04-27T09:21:05.801210+00:00
da117d70-5dfd-5466-a2f8-28ec7d6f5f50		40				Clamaverunt ad te	Clamaverunt ad te Domine in tempore afflictionis suae et tu de caelo exaudisti eos.	2026-04-27T09:21:05.801210+00:00
7d3cd5d4-b352-56ce-9c3f-971f21871ec2		41	g00113			Clamaverunt iusti	Clamaverunt iusti et Dominus exaudivit eos et ex omnibus tribulationibus liberavit eos.	2026-04-27T09:21:05.801210+00:00
7b4896f3-8eaa-53ad-a24d-5508ad4e5237		42				Cogitavi cum cordis amaritudine	Cogitavi cum cordis amaritudine vias meas et converti ex toto corde pedes meos ab eis ut digne servarem mandata tua Domine.	2026-04-27T09:21:05.801210+00:00
3dea71c4-3e43-52e7-a042-c9618fa3961a		43	g01396			Cognovi Domine	Cognovi Domine quia aequitas iudicia tua et in veritate tua humiliasti me confige timore tuo carnes meas a mandatis tuis non repellas.	2026-04-27T09:21:05.801210+00:00
e00c3344-2dd5-5081-9c03-501cf2b9ce5b		44				Collaudemus mundi	Collaudemus mundi creatorem Georgii festum celebrantes quem milites habent in decorem martyrio cuius gratulantes sunt Deumque laudantes alleluia.	2026-04-27T09:21:05.801210+00:00
03b1bb91-eb46-57d4-8815-790fbf1aa279		45				Collaudemus venerantes	"Collaudemus venerantes Christi sacrum praesulem 
nos adulti et infantes Lazarum praenobilem 
quem a morte Christus vocavit per vocem terribilem 
Massiliamque decoravit hic fundendo sanguinem."	2026-04-27T09:21:05.801210+00:00
3d9bd11b-0227-5ca2-8d47-f3fc63a628d8		46				Concrescat ut pluvia	Concrescat ut pluvia misericordia Domini fluat ut ros eloquium eius quasi imber super herbam et quasi stillae super gramina.	2026-04-27T09:21:05.801210+00:00
f9aad263-5a67-5eaa-8594-e28bde599e1a		47	g00331			Confessio et pulchritudo	Confessio et pulchritudo in conspectu eius sanctitas et magnificentia in sanctificatione eius.	2026-04-27T09:21:05.801210+00:00
d7e4fe9a-6029-5f5b-a71b-9dcd70cd9c4e		48				Confessionem et decorem	Confessionem et decorem induisti amictus lumine sicut vestimento.	2026-04-27T09:21:05.801210+00:00
9ef6166e-05d7-50d5-a6b1-76d871016340		49				Congratulamini omnes	Congratulamini omnes in Domino diem beati Rochi commemorantes in cuius commemoratione laetatur Ecclesia plebs exsultat et angeli dulces dant melodias dicentes gloria tibi Domine qui talem virum confessorem elegisti.	2026-04-27T09:21:05.801210+00:00
6f845372-0417-5519-af6d-198ae7844eea		50				Congregati sunt	Congregati sunt inimici nostri et gloriantur in virtute sua contere fortitudinem eorum Domine et disperge illos ut cognoscant quia non est alius qui pugnet pro nobis nisi tu Deus noster.	2026-04-27T09:21:05.801210+00:00
73b4f36d-3ecb-5e7a-b9c4-544e85c0c730		51				Conturbatus est	Conturbatus est in tribulatione oculus meus anima mea et venter meus quoniam defecit in dolore vita mea.	2026-04-27T09:21:05.801210+00:00
d3d43bbc-bebc-5066-a2d1-cf6335312503		52				Convertere Domine	Convertere Domine aliquantulum et deprecare super servos tuos.	2026-04-27T09:21:05.801210+00:00
2732af9d-f18b-5f85-a8ac-4a5fe768d9d3		53				Crucem sanctam subiit	Crucem sanctam subiit ac infernum confregit accinctus est potentia surrexit die tertia.	2026-04-27T09:21:05.801210+00:00
c795a187-32e0-577f-883f-f13310e80c34		54				Cum discessit	Cum discessit a Maria angelus exsurgens illa abiit in montana cum festinatione in civitatem Iuda et intravit domum Zachariae et salutavit Elisabeth.	2026-04-27T09:21:05.801210+00:00
380b1787-e300-591a-8622-27b4884d5e91		55				Cumque vidisset Iesus matrem	Cumque vidisset Iesus matrem et discipulum stantem quem diligebat dixit matri suae mulier ecce filius tuus.	2026-04-27T09:21:05.801210+00:00
beb7fd7c-eb78-5b35-8764-2c4d19aab943		56	g01229			Da pacem Domine	Da pacem Domine sustinentibus te ut prophetae tui fideles inveniantur exaudi preces servi tui et plebis tuae Israel.	2026-04-27T09:21:05.801210+00:00
8b0c934c-4e46-570e-b270-ee3905d1b471		57				Daniel serve Dei	Daniel serve Dei viventis Deus tuus cui tu servis semper ipse liberator atque salvator faciens signa et mirabilia in caelo et in terra liberavit te de lacu leonum.	2026-04-27T09:21:05.801210+00:00
0e33894d-740e-50d5-84c0-6e03b613fc57		58				De luce vigilavit	De luce vigilavit Carolus ad sapientiam assidentem illam in foribus suis invenit in via ostendit se illi hilariter et in omni providentia occurrit illi.	2026-04-27T09:21:05.801210+00:00
16f095fc-8783-5187-8850-2fbd37423306		59	g00701			De necessitatibus meis	De necessitatibus meis eripe me Domine vide humilitatem meam et laborem meum et dimitte omnia peccata mea.	2026-04-27T09:21:05.801210+00:00
9bc3174a-d16f-5ec6-8cdd-0879205dc572		60	g00239			De ventre	De ventre matris meae vocavit me Dominus nomine meo et posuit os meum ut gladium acutum sub tegumento manus suae protexit me et posuit me quasi sagittam electam.	2026-04-27T09:21:05.801210+00:00
b38a2c1e-ee72-5585-8a1b-fe5ecf6b319d		61				Defecerunt sicut fumus	Defecerunt sicut fumus dies mei et sicut umbra declinaverunt ecce enim mensurabiles posuisti eos et constituisti terminos illorum qui praeteriri non poterunt transierunt enim velocius quam a texente tela succinditur et appropinquaverunt usque ad portas mortis.	2026-04-27T09:21:05.801210+00:00
436cbdc5-bc2f-56b4-b9cb-29698d25f927		62	g02634			Deus Deus meus	Deus Deus meus eripe me de manu peccatoris et de manu contra legem agentis et iniqui quoniam tu es patientia mea Domine Deus meus ne derelinquas me.	2026-04-27T09:21:05.801210+00:00
75ea726e-d226-5f84-8cf0-8a9c68aff92f		63	g01102			Deus dum egredieris	Deus dum egredereris coram populo tuo alleluia iter faciens eis alleluia habitans in illis alleluia alleluia.	2026-04-27T09:21:05.801210+00:00
6307ab9c-dacd-59e0-8a94-4b19721c6a6b		64	g02026			Deus in adiutorium	Deus in adiutorium meum intende Domine ad adiuvandum me festina confundantur et revereantur inimici mei qui quaerunt animam meam.	2026-04-27T09:21:05.801210+00:00
958377e9-4f8a-50e7-b92c-77019a29c08e		65	g01183			Deus in loco sancto suo	Deus in loco sancto suo Deus qui inhabitare facit unanimes in domo ipse dabit virtutem et fortitudinem plebi suae.	2026-04-27T09:21:05.801210+00:00
7de75e1a-f8b1-5965-9515-75fa19a56e75		66	g00783			Deus in nomine tuo	Deus in nomine tuo salvum me fac et in virtute tua iudica me Deus exaudi orationem meam.	2026-04-27T09:21:05.801210+00:00
0a6a890c-4c3d-5a44-89a5-47ebd097c6bb		67	g01501			Deus Israel	Deus Israel coniugat vos et ipse sit vobiscum qui misertus est duobus unicis et nunc Domine fac eos plenius benedicere te.	2026-04-27T09:21:05.801210+00:00
d0caedea-b9cf-516c-9dbc-f16bd2ba4135		68				Deus meus misit angelum	Deus meus misit angelum suum et conclusit ora leonum et non nocuerunt mihi quia coram eo iustitia inventa est in me.	2026-04-27T09:21:05.801210+00:00
d22783fc-4f8e-51ab-a374-b13e2c71967a		69	g01253			Dicit Dominus ego cogito	Dicit Dominus ego cogito cogitationes pacis et non afflictionis invocabitis me et ego exaudiam vos et reducam captivitatem vestram de cunctis locis	2026-04-27T09:21:05.801210+00:00
a1d6f457-b03c-5d97-af86-eb3f3f88755a		70	g00255			Dicit Dominus Petro	Dicit Dominus Petro cum esses iunior cingebas te et ambulabas ubi volebas cum autem senueris extendes manus tuas et alius te cinget et ducet quo tu non vis hoc autem dixit significans qua morte clarificaturus erat Deum.	2026-04-27T09:21:05.801210+00:00
d419d120-b283-50c5-8f7d-4f6e26f42990		71	g00488			Dicit Dominus sermones	Dicit Dominus sermones mei quos dedi in os tuum non deficient de ore tuo adest enim nomen tuum et munera tua accepta erunt super altare meum.	2026-04-27T09:21:05.801210+00:00
d945644b-b97c-5879-86d2-c57aa6199ab0		72				Diem festum	Diem festum agamus omnes filio David castissimo virgini Abrahae Ioseph qui filium Mariae Virginis quem suum non esse filium agnovit ut suum enutrivit.	2026-04-27T09:21:05.801210+00:00
4188a9e4-e482-52ef-81dc-e57d05bc3f91		73				Dilectus Deo et hominibus	Dilectus Deo et hominibus Franciscus cuius memoria cum benedictione est ad regna caelestia ecce migrat quoniam in veritate probatus inventus est in verbis suis fidelis ideo hereditas eius perseveret in aeternum.	2026-04-27T09:21:05.801210+00:00
ca776ba3-0300-5e91-ba4a-111a26017545		74				Dilexisti Crucem	Dilexisti Crucem Domini et avertisti templum pariter cum idola propterea unxit te Deus Deus tuus oleo laetitiae prae consortibus tuis.	2026-04-27T09:21:05.801210+00:00
20e78423-055f-558b-b26a-cf3a3afed100		75	g01380			Dilexisti iustitiam	Dilexisti iustitiam et odisti iniquitatem propterea unxit te Deus Deus tuus oleo laetitiae prae consortibus tuis.	2026-04-27T09:21:05.801210+00:00
66d2d269-e40c-5b61-981d-81530feb2ffe		76	g00701b			Dirige me	Dirige me Domine in veritate tua et doce me quia tu es Deus salutaris meus et te sustinui tota die.	2026-04-27T09:21:05.801210+00:00
51932e29-9b37-5e11-a9ce-1bab61fd6eb2		77	g00327			Dispersit dedit pauperibus	Dispersit dedit pauperibus iustitia eius manet in saeculum saeculi cornu eius exaltabitur in gloria.	2026-04-27T09:21:05.801210+00:00
d33b80d9-4f7a-5324-ae03-d5d75f00e971		78				Dixit archangelus Raphael	Dixit archangelus Raphael ad Tobiam at ubi introieris domum tuam statim adora Dominum Deum tuum et gratias agens ei accede ad patrem tuum et osculare eum statimque linies oculos eius ex felle istius piscis quem portas tecum scias enim quod mox aperientur oculi eius et videbit.	2026-04-27T09:21:05.801210+00:00
2ba0f5c8-dd94-592f-8a33-f01a8fb9a462		79				Domine Deus qui conteris	Domine Deus qui conteris bella ab initio eleva brachium tuum super gentes quae cogitant servis tuis mala et dextera tua glorificetur in nobis allide virtutem eorum in iracundia tua.	2026-04-27T09:21:05.801210+00:00
5f856381-2d9c-5b80-af62-70e86f7f0d14		80	g02160			Domine dilexi	Domine dilexi decorem domus tuae et locum habitationis gloriae tuae ut circumdem altare tuum ut audiam vocem laudis et enarrem universa mirabilia tua.	2026-04-27T09:21:05.801210+00:00
7be56f43-5fcc-5fd1-87c1-27343cfc050e		81				Domine exercituum	Domine exercituum si respiciens videris afflictionem famulae tuae et recordatus mei fueris nec oblitus ancillae tuae dederisque servae tuae sexum virilem dabo eum Domino omnibus diebus vitae eius.	2026-04-27T09:21:05.801210+00:00
0c93dfc6-27ea-55ed-a94f-519328e4a922		82	g01122			Domine in tua misericordia	Domine in tua misericordia speravi exsultavit cor meum in salutari tuo cantabo Domino qui bona tribuit mihi.	2026-04-27T09:21:05.801210+00:00
92055b8b-d446-53ef-9574-173973b53aaa		83	g00845			Domine ne longe	Domine ne longe facias auxilium tuum a me ad defensionem meam aspice libera me de ore leonis et a cornibus unicornium humilitatem meam.	2026-04-27T09:21:05.801210+00:00
aa8d5cc0-968c-592a-a1f1-fbab66227adb		84				Domine praevenisti	Domine praevenisti N. in benedictionibus dulcedinis posuisti Domine super caput eius coronam de lapide pretioso magna est enim gloria eius in salutari tuo.	2026-04-27T09:21:05.801210+00:00
f4ae3ad0-3c07-5595-b1aa-3c474bdf9554		85				Domine qui omnia	Domine qui omnia subiecisti sub pedibus hominis conserva oves et boves et iumenta volucres caeli et pisces maris quae dedisti servituti hominum.	2026-04-27T09:21:05.801210+00:00
96111169-43af-5783-848e-58b9b2603748		86	g00696			Domine refugium	Domine refugium factus es nobis a generatione et progenie a saeculo et in saeculum tu es.	2026-04-27T09:21:05.801210+00:00
d46eb168-7c79-5b11-a0c1-1989ea36d2cd		87				Dominus dedit potestatem	Dominus dedit potestatem in manu sapientis et super principes exaltavit illum pacem tuam dona nobis Deus noster.	2026-04-27T09:21:05.801210+00:00
35ac9b1e-dee7-525e-9a22-fc47c51376c9		88	g00541			Dominus dixit ad me	Dominus dixit ad me Filius meus es tu ego hodie genui te.	2026-04-27T09:21:05.801210+00:00
cb2fade9-f19c-5886-967e-2d56c9337b6c		89	g01158			Dominus fortitudo	Dominus fortitudo plebis suae et protector salutarium Christi sui est salvum fac populum tuum Domine et benedic hereditati tuae et rege eos usque in saeculum.	2026-04-27T09:21:05.801210+00:00
b0436bb6-7cdd-5b2c-bb30-3593e635ac48		90	g01151			Dominus illuminatio	Dominus illuminatio mea et salus mea quem timebo Dominus defensor vitae meae a quo trepidabo qui tribulant me inimici mei infirmati sunt et ceciderunt.	2026-04-27T09:21:05.801210+00:00
4ace73e2-e966-5c7f-a33e-a2522cc4ae1c		92				Dominus regnavit	Dominus regnavit decorem indutus est indutus est Dominus fortitudinem et praecinxit se virtute.	2026-04-27T09:21:05.801210+00:00
bf388612-639e-5602-862e-3b823a3f4f7c		93	g00001			Dominus secus mare	Dominus secus mare Galilaeae vidit duos fratres Petrum et Andream et vocavit eos venite post me faciam vos fieri piscatores hominum.	2026-04-27T09:21:05.801210+00:00
aed65ecc-e826-5727-8dcd-ac8bd7d0a414		94				Dum beatus Marcellus	Dum beatus Marcellus fulgeret studio in primaeva aetate iuveniles annos calcavit matura senectute et ad mysterium Dei est coniunctus sancto altari.	2026-04-27T09:21:05.801210+00:00
0b61ba50-bc2d-5007-9846-2f1d7fdeb5e3		95	g01178			Dum clamarem	Dum clamarem ad Dominum exaudivit vocem meam ab his qui appropinquant mihi et humiliavit eos qui est ante saecula et manet in aeternum iacta cogitatum tuum in Domino et ipse te enutriet.	2026-04-27T09:21:05.801210+00:00
84f594d0-ce13-5211-92dd-57c34394ce95		96				Dum discernit caelestis	Dum discernit caelestis reges super eam nive dealbabuntur in Selmon mons Dei mons pinguis mons coagulatus mons in quo beneplacitum est Deo habitare in eo.	2026-04-27T09:21:05.801210+00:00
f542d529-16ed-59c8-a62c-5066c2ca27e0		97	g00578			Dum medium silentium	Dum medium silentium tenerent omnia et nox in suo cursu medium iter perageret omnipotens sermo tuus Domine de caelis a regalibus sedibus venit.	2026-04-27T09:21:05.801210+00:00
49bc290f-162b-59db-8dc4-6557190bfc8a		98	g00789			Dum sanctificatus	Dum sanctificatus fuero in vobis congregabo vos de universis terris et effundam super vos aquam mundam et mundabimini ab omnibus inquinamentis vestris et dabo vobis spiritum novum.	2026-04-27T09:21:05.801210+00:00
67711449-2939-53dd-b7af-8f55ea6c9cfa		99	g00596			Ecce advenit	Ecce advenit dominator Dominus et regnum in manu eius et potestas et imperium.	2026-04-27T09:21:05.801210+00:00
09850cb5-1458-5863-ae54-6e33eab9551f		100	g01173			Ecce Deus adiuvat me	Ecce Deus adiuvat me et Dominus susceptor est animae meae averte mala inimicis meis in veritate tua disperge illos protector meus Domine.	2026-04-27T09:21:05.801210+00:00
312961da-bb8c-5a84-b3b7-50d15f61e5cb		101				Ecce ego mitto	Ecce ego mitto angelum meum qui praeparabit viam ante faciem meam et statim veniet ad templum sanctum suum dominator quem vos quaeritis et angelus testamenti quem vos vultis.	2026-04-27T09:21:05.801210+00:00
cb1eb513-807a-5716-939f-4f0ba9f56c3a		102				Ecce elongavi	Ecce elongavi fugiens et mansi in solitudine exspectabam eum qui salvum me fecit a pusillanimitate spiritus et tempestate.	2026-04-27T09:21:05.801210+00:00
079e17f7-d97c-5b49-aa24-15e723314d68		103				Ecce Gabriel	Ecce Gabriel angelus a principio cito volans tetigit me et in tempore sacrificii vespertini docuit me dicens nunc egressus sum ut docerem te et intelligeres visiones Dei.	2026-04-27T09:21:05.801210+00:00
9d4551dc-1889-5bf7-91fa-af418bd73abd		104				Ecce hodie	Ecce hodie exeo de hoc ergastulo corporis et vado in requiem meam Christum meum quem dilexi et secutus sum ab uberibus matris meae.	2026-04-27T09:21:05.801210+00:00
341c408e-f1f4-5306-93ec-d52d099186b8		105	g00188			Ecce oculi	Ecce oculi Domini super timentes eum sperantes in misericordia eius alleluia ut eripiat a morte animas eorum quoniam adiutor et protector noster est alleluia alleluia.	2026-04-27T09:21:05.801210+00:00
ca446b05-8b23-501f-8187-793639360d38		106				Ecce sacerdos magnus	Ecce sacerdos magnus N. gemma sacerdotum quem principem fecit Dominus ut sit nobis reconciliatio et non est inventus similis illi habere laudem in omnem gentem.	2026-04-27T09:21:05.801210+00:00
fb0e3a23-5575-5200-8ab4-fe322588627c		107				Ecce vidi	Ecce vidi filium meum non habentem speciem neque decorem aspectus eius in eo non est hic peccata peccatorum portavit et pro eis dolens vulneratus est propter iniquitates illorum cuius livore sanati sumus.	2026-04-27T09:21:05.801210+00:00
f3df6192-894e-5b04-97d8-669c74656b01		108				Ecce vidimus	Ecce vidimus Dominum Iesum non habentem speciem neque decorem aspectus eius in eo non est hic peccata nostra portavit et pro nobis omnibus dolens ipse autem vulneratus est propter iniquitates nostras attritus est propter scelera nostra cuius livore sanati sumus.	2026-04-27T09:21:05.801210+00:00
df058a6f-f6c0-5803-bf48-14a09f853aaa		109	g01044			Eduxit Dominus	Eduxit Dominus populum suum in exsultatione alleluia et electos suos in laetitia alleluia alleluia.	2026-04-27T09:21:05.801210+00:00
8a680a4a-a8ed-542d-9b23-45b52371e4b8		110	g01038			Eduxit eos	Eduxit eos Dominus in spe alleluia et inimicos eorum operuit mare alleluia alleluia alleluia.	2026-04-27T09:21:05.801210+00:00
a8594683-e9c3-57d3-8e28-764fd7e81271		111				Ego autem ad Dominum	Ego autem ad Dominum clamavi et Dominus salvavit me exspectabam eum qui salvum me fecit a pusillanimitate spiritus et tempestate.	2026-04-27T09:21:05.801210+00:00
e616f71f-51e4-50e9-bcd6-ae9c3270fa51		112	g00740			Ego autem cum iustitia	Ego autem cum iustitia apparebo in conspectu tuo satiabor dum manifestabitur gloria tua.	2026-04-27T09:21:05.801210+00:00
b277b521-7626-5473-b54d-67039c1e70bf		113	g00763			Ego autem in Domino	Ego autem in Domino speravi exsultabo et laetabor in tua misericordia quia respexisti humilitatem meam.	2026-04-27T09:21:05.801210+00:00
94db841e-1f15-56b5-acc9-686f3073e3f3		114				Ego autem in innocentia	Ego autem in innocentia mea ingressus sum redime me et miserere mei quia dilexi decorem domus tuae et locum habitationis gloriae tuae.	2026-04-27T09:21:05.801210+00:00
c8be2cf7-f66d-5f7f-a027-56724248b2f6		115	g01259			Ego autem sicut oliva	Ego autem sicut oliva fructificavi in domo Domini speravi in misericordia Dei mei et exspectabo nomen tuum quoniam bonum est ante conspectum sanctorum tuorum.	2026-04-27T09:21:05.801210+00:00
ee8b9b8e-e8e1-53b0-9818-2f08948c72b1		116	g00759			Ego clamavi	Ego clamavi quoniam exaudisti me Deus inclina aurem tuam et exaudi verba mea custodi me Domine ut pupillam oculi sub umbra alarum tuarum protege me.	2026-04-27T09:21:05.801210+00:00
15bf758b-7470-53a9-be06-d49a9036f7db		117				Ego sum Azarias	Ego sum Azarias Ananiae magni filius sum Raphael archangelus unus ex septem qui astamus ante conspectum Domini pax vobis nolite timere Dominus exaudivit preces vestras et misit me ad vos ut curem vos alleluia.	2026-04-27T09:21:05.801210+00:00
ea368be5-84ec-57cc-b758-3b2bd0172f77		118	g02276			Ego sum panis vivus	Ego sum panis vivus qui de caelo descendi si quis manducaverit ex hoc pane vivet in aeternum et panis quem ego dabo caro mea est pro mundi vita.	2026-04-27T09:21:05.801210+00:00
65370bcd-9398-5684-be73-147fdea6a7ce		119				Ego sum resurrectio	Ego sum resurrectio et vita qui credit in me etiam si mortuus fuerit vivet et omnis qui vivit et credit in me non morietur in aeternum.	2026-04-27T09:21:05.801210+00:00
16c6fa5b-e3bf-5ba0-a391-bf453b1a0584		120				Egredere Domine cum servis tuis	Egredere Domine cum servis tuis et mittere digneris sanctum angelum tuum qui Thobiam servum tuum eduxit et reduxit ita ipse nos ad locum destinatum perducat.	2026-04-27T09:21:05.801210+00:00
4daaaf21-415d-536f-8085-ce26a476b9ea		121	g02872			Egredimini et videte	Egredimini et videte filiae Sion reginam vestram quam laudant astra matutina cuius pulchritudinem sol et luna mirantur et iubilant omnes filii Dei.	2026-04-27T09:21:05.801210+00:00
4246878d-dde5-5a63-b6d2-5288cd299f30		122				Egregie Christi martyr	Egregie Christi martyr Sebastiane princpes et propagator sanctissimorum praeceptorum ecce nomen tuum in libro vitae caelestis scriptum est et memoriale tuum non derelinquetur in saecula.	2026-04-27T09:21:05.801210+00:00
8ad3fba8-d302-5e32-9ced-d2418f9a7c40		123				Egressus est a filia Sion	Egressus est a filia Sion omnis decor eius omnes qui glorificabant eam spreverunt illam ipsa autem gemens conversa est retrorsum vide Domine afflictionem meam quoniam facta sum vilis.	2026-04-27T09:21:05.801210+00:00
b9164a6e-79fc-5fa2-b9f6-b703cc75d753		124	g00648			Esto mihi	Esto mihi in Deum protectorem et in locum refugii ut salvum me facias quoniam firmamentum meum et refugium meum es tu et propter nomen tuum dux mihi eris et enutries me.	2026-04-27T09:21:05.801210+00:00
b715325d-17de-5063-b3a3-47bbdc81b2e3		125				Et erit tamquam lignum	Et erit tamquam lignum quod plantatum est secus decursus aquarum quod fructum suum dabit in tempore suo.	2026-04-27T09:21:05.801210+00:00
e8d62275-0d62-5bc6-9a3f-fb5358f92cef		126	g00559			Etenim sederunt	Etenim sederunt principes et adversum me loquebantur et iniqui persecuti sunt me adiuva me Domine Deus meus quia servus tuus exercebatur in tuis iustificationibus.	2026-04-27T09:21:05.801210+00:00
dcc71be8-9175-5398-ab67-ab9af2f7aedb		127	g00569			Ex ore infantium	Ex ore infantium Deus et lactentium perfecisti laudem propter inimicos tuos.	2026-04-27T09:21:05.801210+00:00
bc627441-e6ff-52ef-b6fc-dbd1dacb5eee		128	g00785			Exaudi Deus orationem meam	Exaudi Deus orationem meam et ne despexeris deprecationem meam intende in me et exaudi me.	2026-04-27T09:21:05.801210+00:00
f6cf67af-712b-5b76-9d8a-724e402f40b2		129	g01084			Exaudi Domine	Exaudi Domine vocem meam qua clamavi ad te alleluia tibi dixit cor meum quaesivi vultum tuum vultum tuum Domine requiram ne avertas faciem tuam a me alleluia alleluia.	2026-04-27T09:21:05.801210+00:00
a3d29d84-9a27-5758-b2ce-aba819e65170		130	g02304			Exaudi nos Domine quoniam benigna est	Exaudi nos Domine quoniam benigna est misericordia tua secundum multitudinem miserationum tuarum respice nos Domine.	2026-04-27T09:21:05.801210+00:00
4befd0a6-af83-5122-9ef7-f036f3a001b3		131	g01075			Exaudivit de templo	Exaudivit de templo sancto suo vocem meam alleluia et clamor meus in conspectu eius introivit in aures eius alleluia alleluia.	2026-04-27T09:21:05.801210+00:00
b2c788f1-52c3-58e8-b716-2732a6b607a1		132				Excelsus Deus exaltavit Honoratum	Excelsus Deus exaltavit Honoratum regis Hungariae filium sanctitatis lilium qui pro Christo recusavit regnum et imperium.	2026-04-27T09:21:05.801210+00:00
89c3128c-19a5-5817-9dc4-fae44defccc9		133	g00185			Exclamaverunt ad te	Exclamaverunt ad te Domine in tempore afflictionis suae et tu de caelo exaudisti eos alleluia alleluia.	2026-04-27T09:21:05.801210+00:00
d10b5fbd-fec1-54f3-8ce7-34abe26707ea		134				Exclamavit beatus Andreas	Exclamavit beatus Andreas de cruce clamavit et dixit o bona crux diu desiderata duc me ad caelestia regna.	2026-04-27T09:21:05.801210+00:00
c40bf6f1-5a62-537e-ad16-7de44d13be87		135				Expecta Dominum	Exspecta Dominum viriliter age et confortetur cor tuum et sustine Dominum.	2026-04-27T09:21:05.801210+00:00
2418faaf-3a35-5304-9d93-cf0c8a9ba794		136	g01222			Exsultate Deo	Exsultate Deo adiutori nostro iubilate Deo Iacob sumite psalmum iucundum cum cithara canite initio mensis tuba quia praeceptum in Israel est et iudicium Deo Iacob.	2026-04-27T09:21:05.801210+00:00
a6374585-d5f2-5148-ac12-430137e0bbf2		137				Exsurge Domine adiuva	Exsurge Domine adiuva nos et libera nos propter nomen tuum.	2026-04-27T09:21:05.801210+00:00
7deaf88d-5bcb-538d-b1e9-41bbc70c4161		138	g00640			Exsurge quare obdormis	Exsurge quare obdormis Domine exsurge et ne repellas in finem quare faciem tuam avertis oblivisceris tribulationis nostrae adhaesit in terra venter noster exsurge Domine adiuva nos et libera nos.	2026-04-27T09:21:05.801210+00:00
90a464b5-6650-5997-b100-ceb01f132b21		139	g00768			Fac mecum	Fac mecum Domine signum in bonum ut videant qui me oderunt confundantur quoniam tu Domine adiuvisti me et consolatus es me.	2026-04-27T09:21:05.801210+00:00
d8fb0db2-742c-5ddd-8489-23a51aeda5e7		140	g01133			Factus est Dominus	Factus est Dominus protector meus et eduxit me in latitudinem salvum me fecit quoniam voluit me.	2026-04-27T09:21:05.801210+00:00
6f2e552c-ec77-5e52-85b4-8642a8e70e4f		141				Filius principis	Filius principis contemnens regna terrarum caelorum possidet aulam Antoninus martyr praemia felicia meritorum consecutus.	2026-04-27T09:21:05.801210+00:00
aa53deaf-02ed-5865-ac4c-4618713e1055		142	g01636			Foderunt manus meas	Foderunt manus meas et pedes meos dinumeraverunt omnia ossa mea et sicut aqua effusus sum.	2026-04-27T09:21:05.801210+00:00
0012a4a7-fac5-5fc3-b0fa-13ed4ec3610b		143				Fortitudo fortitudinis	Fortitudo fortitudinis fortitudinem annuntians nuntius Altissimi Gabriel archangelus pro humani generis restauratione ad Mariam Virginem destinatus pro nobis hodie ac semper apud Deum intercessor exsistat.	2026-04-27T09:21:05.801210+00:00
d9fdeecf-24d4-5068-8e41-fffc71c855f4		144				Fulgida stella maris	"Fulgida stella maris mundo da gaudia pacis 
caelica regina Virgo Maria."	2026-04-27T09:21:05.801210+00:00
b17e92ef-6dc3-5c47-8137-468f123ff31a		145				Gaude mater Ecclesia	"Gaude mater Ecclesia dotata duce nobili 
nato de stirpe regia cui assistunt angeli."	2026-04-27T09:21:05.801210+00:00
c3a60002-de72-590b-8fa0-a7d59b4f94f5		146				Gaude Virgo singularis	Gaude Virgo singularis dum laeti recolimus te verbis tunc credidisse Gabrielis angeli et intacta concepisti Deum atque hominem.	2026-04-27T09:21:05.801210+00:00
a3538de0-1fb8-522e-926f-d44b9bc991c4		147				Gaudeamus devoti carminis	Gaudeamus devoti carminis sacras laudes decantantes sub honore Barbarae virginis eius festa celebrantes quae exemplum nostrae spei adamavit Filium Dei.	2026-04-27T09:21:05.801210+00:00
e72e2cdb-a067-5633-b1e5-75269288a991		148				Gaudeamus exsultemus	Gaudeamus exsultemus diem festum celebrantes matris Dei gaudiorum ut ab ipsa protegamur et donis caeli fruamur in saecula saeculorum.	2026-04-27T09:21:05.801210+00:00
751bb361-c120-5ff3-9ccb-b72cce1d62ed		149	501004			Gaudeamus omnes	Gaudeamus omnes in Domino diem festum celebrantes sub honore sanctae Annae matris Genitricis Dei de cuius sollemnitate gaudent angeli et collaudant Filium Dei.	2026-04-27T09:21:05.801210+00:00
c36c8409-823f-5cc1-aeb9-3b507831b96d		150	g00501			Gaudete in Domino semper	Gaudete in Domino semper iterum dico gaudete modestia vestra nota sit omnibus hominibus Dominus prope est nihil solliciti sitis sed in omni oratione petitiones vestrae innotescant apud Deum.	2026-04-27T09:21:05.801210+00:00
5852586d-dff4-585a-808b-18f9b313e737		151	g02212			Gloria et honore	Gloria et honore coronasti eum et constituisti eum super opera manuum tuarum.	2026-04-27T09:21:05.801210+00:00
95d3c653-141e-5b3c-a91c-7c4c64a03e8c		152	g02203			Gloriosa Dei Genitrix	Gloriosa Dei Genitrix Virgo Maria caelos ascendit gaudete gaudete et exsultate et gaudete ac laetetur omnis orbis quia cum Christo regnat in aeternum.	2026-04-27T09:21:05.801210+00:00
3e64757f-e62a-559e-b49c-e742fcefe755		153	g02806			Gloriosae Virginis	Gloriosae Virginis Mariae conceptionem hodiernam devotissime celebremus cuius vita inclyta cunctas illustrat ecclesias.	2026-04-27T09:21:05.801210+00:00
944383d0-7282-53a6-a765-d49a6a9e6eb0		154				Gratulemur omnes digne	"Gratulemur omnes digne 
in Domino qui benigne 
Antonium in terris decoravit 
et in caelis coronavit."	2026-04-27T09:21:05.801210+00:00
8b09bc5c-5866-5565-b675-90fc77abaaaa		726				Gratulemur omnes in Domino	Gratulemur omnes in Domino Iesu Christo triumphum prosperum recolentes ac eius festum cum iubilo celebrantes ad laudem Domini Iesu Chirsti et gloriam sanctae Crucis.	2026-04-27T09:21:05.801210+00:00
8b44c634-c596-576b-94fe-bd728118c02c		155	g00535			Hodie scietis	Hodie scietis quia veniet Dominus et salvabit nos et mane videbitis gloriam eius.	2026-04-27T09:21:05.801210+00:00
d675a1fe-41d9-5ee2-8e18-177b33e7a98a		156	g01469			Humiliavit semetipsum	Humiliavit semetipsum Dominus noster Iesus Christus usque ad mortem mortem autem Crucis propter quod et Deus exaltavit illum et dedit illi nomen quod est super omne nomen.	2026-04-27T09:21:05.801210+00:00
199a8709-52be-5674-a033-458b4e8e47af		157				Iacobus est Zebedaei filius	Iacobus iste est Zebedaei filius qui iussu Herodis capite est truncatus in Ierusalem et ibi humatus.	2026-04-27T09:21:05.801210+00:00
246ec31e-7eda-524e-885b-f9eabafe7d27		158				Iesus vocavit	Iesus vocavit Iacobum Zebedaei et Ioannem fratrem Iacobi et imposuit eis nomina Boanerges quod est filii tonitrui.	2026-04-27T09:21:05.801210+00:00
1722c300-743b-59ce-853e-24278247ef5d		159	g01553			Illumina oculos ... nequando	Illumina oculos meos ne umquam obdormiam in morte nequando dicat inimicus meus praevalui adversus eum.	2026-04-27T09:21:05.801210+00:00
2e4e42cb-5a72-5080-a6f5-adf4689b2d44		160				Illumina oculos ... qui tribulant	Illumina oculos meos ne umquam obdormiam in morte qui tribulant me exsultabunt si motus fuero ego autem in tua misericordia spero.	2026-04-27T09:21:05.801210+00:00
f002d1c3-c064-57d4-a278-0bac61633e4b		161				In Blasii memoria	"In Blasii memoria nos omnes laetemur 
dando laudes et obsequia ei famulemur 
ut eius per suffragia in caelo coronemur."	2026-04-27T09:21:05.801210+00:00
d5c4b7a5-bd7b-5a09-bdfe-9d6b29e10f53		162				In civitate Alexandrina	In civitate Alexandrina virgo quaedam exstitit nobilissima nomine Catharina unica Costi regis filia divinis et humanis admodum erudita.	2026-04-27T09:21:05.801210+00:00
87e82e70-9055-5a6a-922f-1abbd4ace84e		163				In columbae specie Spiritus Sanctus	In columbae specie Spiritus Sanctus visus est paterna vox audita est hic est Filius meus in quo mihi bene complacui.	2026-04-27T09:21:05.801210+00:00
a2e0cb1d-9565-5d00-848d-c22d3bfe94d0		164				In conspectu angelorum	In conspectu angelorum psallam tibi Deus meus adorabo ad templum sanctum tuum et confitebor nomini tuo.	2026-04-27T09:21:05.801210+00:00
3d03cd95-e692-5f0c-a788-26b6ddf9283a		165	g00754			In Deo laudabo	In Deo laudabo verbum in Domino laudabo sermonem in Deo speravi non timebo quid faciat mihi homo.	2026-04-27T09:21:05.801210+00:00
2590cff6-6265-5c2b-bf36-03096f95084a		166				In die illa erit germen	In die illa erit germen Domini in magnificentia et gloria et fructus terrae sublimis et exsultatio his qui salvati fuerint de Israel.	2026-04-27T09:21:05.801210+00:00
3211b6ad-e315-5649-ba09-256bfad1f8d2		167	g00613			In excelso throno	In excelso throno vidi sedere virum quem adorat multitudo angelorum psallentes in unum ecce cuius imperium permanet in aeternum.	2026-04-27T09:21:05.801210+00:00
d36ed8dd-22cb-5fb3-8fe4-3fc53162f269		168				In illa die erit Dominus cum exercitu coronae	In illa die erit Dominus cum exercitu coronae gloriae suae et sertum exsultationis residuo populi sui alleluia alleluia alleluia.	2026-04-27T09:21:05.801210+00:00
6cdcff31-47da-5c3e-8936-b631800864be		169				In lacrimae praeconium	"In lacrimae praeconium erumpat vox fidelium 
quae stillavit ab oculo 
qui praestat lumen saeculo."	2026-04-27T09:21:05.801210+00:00
cef14832-482d-59ae-ab62-e0fa7193e559		170				In mari viae	In mari viae tuae et semitae tuae in aquis multis et vestigia tua non cognoscentur.	2026-04-27T09:21:05.801210+00:00
2ea1f79b-6405-5b27-bcad-fa4187469168		171	g01342			In medio ecclesiae	In medio ecclesiae aperuit Dominus os eius et implevit eum Dominus spiritu sapientiae et intellectus stola gloriae induit eum.	2026-04-27T09:21:05.801210+00:00
efebc36b-ac96-5583-a785-2e19bc51fd2b		172				In memoria aeterna erit iustus	In memoria aeterna erit iustus ab auditione mala non timebit.	2026-04-27T09:21:05.801210+00:00
6d7edcee-6052-5275-9af9-bb768a12c505		173	g00873			In nomine Domini	In nomine Domini omne genu flectatur caelestium terrestrium et infernorum quia Dominus factus oboediens usque ad mortem mortem autem Crucis ideo Dominus Iesus Christus in gloria est Dei Patris.	2026-04-27T09:21:05.801210+00:00
aa7ce701-1dc5-530c-a3b7-487250b9d130		174	g02815			In omnem terram	In omnem terram exivit sonus eorum et in finem orbis terrae verba eorum.	2026-04-27T09:21:05.801210+00:00
e264a388-c9f6-564a-8294-edb61cbfae17		175				In viam pacis	In viam pacis et prosperitatis dirigat Dominus gressus nostros ut cum salutare et eamus et revertamur ad propria angelus sanctus comitetur nobiscum.	2026-04-27T09:21:05.801210+00:00
d3478185-57a2-5d4d-bfae-30173ae2c643		176	g01290			In virtute tua	In virtute tua Domine laetabitur iustus et super salutare tuum exsultabit vehementer desiderium animae eius tribuisti ei.	2026-04-27T09:21:05.801210+00:00
a09b9494-32f8-59b5-a0bf-6e26eee28c80		177	g01241			In voluntate tua Domine	In voluntate tua Domine universa sunt posita et non est qui possit resistere voluntati tuae tu enim fecisti omnia caelum et terram et universa quae caeli ambitu continentur Dominus universorum tu es.	2026-04-27T09:21:05.801210+00:00
3dc366ad-428d-50f8-80c6-e24eb308e48d		178	g01206			Inclina Domine	Inclina Domine aurem tuam ad me et exaudi me salvum fac servum tuum Deus meus sperantem in te miserere mihi Domine quoniam ad te clamavi tota die.	2026-04-27T09:21:05.801210+00:00
1d7453de-ff1b-57d9-a137-cd8746e2834a		179	g02254			Inclytus Dei confessor	Inclytus Dei confessor lucerna ardens ante Deum hodie coronatus caelos ingreditur cum quo caelestes cohortes ovant.	2026-04-27T09:21:05.801210+00:00
06fb31e3-aada-5b81-9db1-92d858119694		180				Infixus sum	Infixus sum in limo profundi et veni in altitudinem maris et tempestas demersit me.	2026-04-27T09:21:05.801210+00:00
7cadfa50-0a52-5907-a3d3-781bc25bef14		181	g02646			Initio tu Domine terram fundasti	Initio tu Domine terram fundasti et opera manuum tuarum sunt caeli ipsi peribunt tu autem permanes.	2026-04-27T09:21:05.801210+00:00
6dc5cdb8-ea71-5766-b24e-518bbc35c25b		182	006850a			Intonuit de caelo	Intonuit de caelo Dominus et Altissimus dedit vocem suam et apparuerunt fontes aquarum et revelata sunt fundamenta orbis terrarum.	2026-04-27T09:21:05.801210+00:00
02db3c36-be6b-5f32-82f4-8cf2229492f2		183	g01310			Intret in conspectu	Intret in conspectu tuo Domine gemitus compeditorum redde vicinis nostris septuplum in sinu eorum vindica sanguinem sanctorum tuorum qui effusus est.	2026-04-27T09:21:05.801210+00:00
fb3d6251-0a6b-531b-aa8e-df057fb96703		184	g00706			Intret oratio	Intret oratio mea in conspectu tuo inclina aurem tuam ad precem meam Domine.	2026-04-27T09:21:05.801210+00:00
c0afe57f-9da9-51f6-ae41-e3f72c81f561		185	g01014			Introduxit vos	Introduxit vos Dominus in terram fluentem lac et mel alleluia et ut lex Domini semper sit in ore vestro alleluia alleluia.	2026-04-27T09:21:05.801210+00:00
12bc0678-9251-5e1c-8ca3-d9e8cc821c4e		186	g00675			Invocavit me	Invocavit me et ego exaudiam eum eripiam eum et glorificabo eum longitudine dierum adimplebo eum.	2026-04-27T09:21:05.801210+00:00
d7cb22a3-34ff-534a-949c-1aeb3fc8bf47		187				Ioannes autem cum audisset	Ioannes autem cum audisset in vinculis opera Christi mittens duos de discipulis suis ait illi tu es qui venturus es an alium exspectamus.	2026-04-27T09:21:05.801210+00:00
e434beac-efbe-51af-868c-472010152650		188				Ioseph fili David	Ioseph fili David noli timere accipere Mariam coniugem tuam quod enim in ea natum est de Spiritu Sancto est pariet enim Iesum.	2026-04-27T09:21:05.801210+00:00
beada896-4d77-5fba-8267-d268ada0687b		189	g01058			Iubilate Deo omnis terra	Iubilate Deo omnis terra alleluia psalmum dicite nomini eius alleluia date gloriam laudi eius alleluia alleluia alleluia.	2026-04-27T09:21:05.801210+00:00
abfd6a0e-52c2-51a5-9ab1-dbf3e6d700d5		190				Iubilemus in hac die	"Iubilemus in hac die 
dignis Deo laudibus 
qui claris virtutibus 
regnum dat sororibus 
matris Virginis Mariae."	2026-04-27T09:21:05.801210+00:00
5b03a4ea-4ae2-5c0a-af1a-4d2e969279a4		191	g00864			Iudica Domine	Iudica Domine nocentes me expugna impugnantes me apprehende arma et scutum et exsurge in adiutorium meum Domine virtus salutis meae.	2026-04-27T09:21:05.801210+00:00
f9155184-2bb7-5ef4-96bb-4c16aea45cf1		192	g00800			Iudica me Deus	Iudica me Deus et discerne causam meam de gente non sancta ab homine iniquo et doloso eripe me quia tu es Deus meus et fortitudo mea.	2026-04-27T09:21:05.801210+00:00
32c85433-4e60-594c-90ce-b8bf56b47ac2		193	g00474			Iudicant sancti gentes	Iudicant sancti gentes et dominantur populis regnabit Dominus Deus illorum in perpetuum.	2026-04-27T09:21:05.801210+00:00
73d9929c-8a02-5f0d-ab45-14f77fbae0bb		194				Iuravit Dominus	Iuravit Dominus David veritatem et non frustrabitur eum de fructu ventris tui ponam super sedem tuam.	2026-04-27T09:21:05.801210+00:00
6937c808-4216-5838-b786-0a7e302d8ffa		196	g00037			Iusti epulentur	Iusti epulentur et exsultent in conspectu Dei delectentur in laetitia.	2026-04-27T09:21:05.801210+00:00
a04a26be-34b1-5695-8692-48e374f1235b		197	g04226			Iustorum animae	Iustorum animae in manu Dei sunt et non tanget illos tormentum malitiae.	2026-04-27T09:21:05.801210+00:00
a216778d-e071-5756-a778-c91cea2e4406		198	g01216			Iustus es Domine	Iustus es Domine et rectum iudicium tuum fac cum servo tuo secundum misericordiam tuam.	2026-04-27T09:21:05.801210+00:00
ccdf108d-e9e7-58ff-843d-1f7b77b1686e		199	g02327			Iustus non conturbabitur	Iustus non conturbabitur quia Dominus firmat manum eius tota die miseretur et commodat et semen eius in benedictione erit in aeternum conservabitur.	2026-04-27T09:21:05.801210+00:00
8971a181-7515-57fb-b4a1-b84adbf864fd		200				Iustus quidem	Iustus quidem tu es Domine si disputem tecum verumtamen iusta loquar ad te quare via impiorum prosperatur bene est omnibus qui praevaricantur et inique agunt plantasti eos et radicem miserunt proficiunt et faciunt fructum prope es tu ori eorum et longe a renibus eorum.	2026-04-27T09:21:05.801210+00:00
eeab1868-e967-5f5e-96bf-e993047b18f4		201	g01355			Iustus ut palma	Iustus ut palma florebit sicut cedrus quae in Libano est multiplicabitur in domo Domini plantatus in domo Domini in atriis domus Dei nostri.	2026-04-27T09:21:05.801210+00:00
b850dde9-06b6-5fd3-ac08-5098952888e7		202	g01294			Laetabitur iustus	Laetabitur iustus in Domino et sperabit in eo et laudabuntur omnes recti corde.	2026-04-27T09:21:05.801210+00:00
bca58095-7b67-581f-92bc-36557f79fdc7		203	g00776			Laetare Ierusalem	Laetare Ierusalem et conventum facite omnes qui diligitis eam gaudete cum laetitia qui in tristitia fuistis ut exsultetis et satiemini ab uberibus consolationis eius.	2026-04-27T09:21:05.801210+00:00
b7f7bac8-da48-5e85-b467-4908bdbc4c17		204				Laetare plebs	Laetare plebs fidelis in Domino diem festum vel gesta beati Rochi venerando quae diligis eum in cuius veneratione congaudent angeli et tota caeli curia dicentes gloria tibi Domine qui tantum virum in morbi pestiferi defensorem tibi elegisti.	2026-04-27T09:21:05.801210+00:00
88e86d34-2d48-5c15-834d-a47a890b2fd9		205				Laetare praesul egregie	"Laetare praesul egregie 
sanctissime Blasi 
qui pro Christi nomine 
mortem suscepisti 
ideo laureatus hodie 
a Christo coronaberis."	2026-04-27T09:21:05.801210+00:00
29a0ae1b-7983-5572-bac0-82800b7ecd2c		206				Laetatum est cor	Laetatum est cor meum et exsultavit lingua mea insuper et caro mea requievit in spe quoniam non dereliquisti animam meam in inferno nec dedisti sanctum tuum videre corruptionem.	2026-04-27T09:21:05.801210+00:00
8ed3723f-e149-5341-a591-bf476b52cd6e		207	g04227			Laetemur hodie	Laetemur hodie et cum ingenti gaudio Christum laudemus modulato carmine qui dedit nobis exoratricem Caeciliam in praeclara curia.	2026-04-27T09:21:05.801210+00:00
96f8fa89-9a35-5f4e-9d34-dc496d386815		208	g02037			Laetemur omnes	Laetemur omnes in Domino hodiernum diem sollemniter celebrantes in quo beatus Paulus conversione sua praesentem mundum decoravit.	2026-04-27T09:21:05.801210+00:00
6538c40a-6d61-5ee5-a087-eb97aaa46411		209				Laetetur clerus	Laetetur clerus et Ecclesiae populus qui beatum Firminum in sua praesentia meruerunt habere patronum quem et vera fides in passione fortissimum ac deitatis gratia in sui corporis inventione fecit esse clarissimum.	2026-04-27T09:21:05.801210+00:00
55639cf5-47ab-5209-9660-747a5211908c		210	g00791			Laetetur cor	Laetetur cor quaerentium Dominum quaerite Dominum et confirmamini quaerite faciem eius semper.	2026-04-27T09:21:05.801210+00:00
79722c8e-8602-5457-88fc-4a4fe28affc0		211				Laetetur Ecclesia gaudeat Hispania	Laetetur Ecclesia gaudeat Hispania Iacobi meritis cuius sollemnia regnis in omnibus extra saevitiam Agarenorum mundi orbita gaudenter psallens hodie valde alacriter iubilat.	2026-04-27T09:21:05.801210+00:00
e1a0abed-50c3-5848-9f18-34ea13484722		212				Laetetur mater Ecclesia	Laetetur mater Ecclesia quoniam ab oriente magna suscepit munera cum beati Nicolai sacros artus super marinos fluctus in oras transtulit Italicas alleluia.	2026-04-27T09:21:05.801210+00:00
6ab1f83a-2ff5-54c4-a3f4-61ae02e4c0c0		213				Lamentate plebs fidelis	Lamentate plebs fidelis intuendo Christum regem venumdatum atque captum vinculisque alligatum ecce pro te ducitur pontifici praesentatus colaphis atque pugnis a cunctis prosternitur heu facies illa caelestis quam contemplantur Seraphim vili sputo deturpatur et velata harundine percutitur plange clama ecce tacet prophetissa inquiunt genas tuas fletu made dum sputo sum conspicis atque suae passionis poenas tecum divide.	2026-04-27T09:21:05.801210+00:00
34c85df2-d373-5ced-af42-289c5abf41a4		214				Laudans invocabo	Laudans invocabo Dominum et ab inimicis meis salvus ero.	2026-04-27T09:21:05.801210+00:00
8a05af86-e79b-5976-b37a-a68aed200178		215	g00290			Laudate pueri	Laudate pueri Dominum laudate nomen Domini qui habitare facit sterilem in domo matrem filiorum laetantem.	2026-04-27T09:21:05.801210+00:00
0f306310-0406-55ab-a494-ea2d375e8136		216				Laudem Domini	Laudem Domini loquetur os meum et gloriam nomini sancto eius quia mirificavit sanctum suum Ioseph Virginis matris Christi sponsum.	2026-04-27T09:21:05.801210+00:00
50559c2a-3305-541d-b4b5-9f6e134f54b6		217	g00742			Lex Domini	Lex Domini irreprehensibilis convertens animas testimonium Dei fidele sapientiam praestans parvulis.	2026-04-27T09:21:05.801210+00:00
aac0610f-5b38-5fb8-96f4-143336964fe9		218	g00817			Liberator meus	Liberator meus de gentibus iracundis ab insurgentibus in me exaltabis me a viro iniquo eripies me Domine.	2026-04-27T09:21:05.801210+00:00
dcdfc5bb-bb02-58a2-86d2-3304a34e03b9		219	g00363			Loquebar de testimoniis	Loquebar de testimoniis tuis in conspectu regum et non confundebar et meditabar in mandatis tuis quae dilexi nimis.	2026-04-27T09:21:05.801210+00:00
2264a4cd-beca-555e-8e4e-f1ce8ee60bc0		220	g00228			Loquetur Dominus pacem	Loquetur Dominus pacem in plebem suam et super sanctos suos et in eos qui convertuntur ad ipsum.	2026-04-27T09:21:05.801210+00:00
7305e4a0-26f5-5b8e-a4b6-e0724792d943		221	g00547			Lux fulgebit	Lux fulgebit hodie super nos quia natus est nobis Dominus et vocabitur Admirabilis Deus Princeps pacis Pater futuri saeculi cuius regni non erit finis.	2026-04-27T09:21:05.801210+00:00
2140b8d6-f8ac-5071-b1a5-049f9c19b95a		222				Lux refulsit	Lux refulsit hodie super nos quia transfiguratus est nobis Dominus et vocabitur Admirabilis Deus Princeps pacis Pater futuri saeculi cuius regni non erit finis.	2026-04-27T09:21:05.801210+00:00
3e2cd74f-50ac-5e6b-ab56-94c801ce5822		223	g02279			Magnificatus est rex	Magnificatus est rex pacificus super omnes reges terrae divitiis et sapientia et universa terra desiderabat videre vultum eius.	2026-04-27T09:21:05.801210+00:00
0ca583af-8f17-538b-a77d-79518647b2b9		224				Marthae piae	"Marthae piae memoriam agamus dando gloriam 
Deo cuius potentia vicit draconis furiam."	2026-04-27T09:21:05.801210+00:00
82610943-09c1-5dc2-a71a-a1b341f7630d		225	g01373			Me exspectaverunt	Me exspectaverunt peccatores ut perderent me testimonia tua Domine intellexi omnis consummationis vidi finem latum mandatum tuum nimis.	2026-04-27T09:21:05.801210+00:00
77d5620f-b377-5463-ba1d-12e489564de8		226	g00793			Meditatio cordis mei	Meditatio cordis mei in conspectu tuo semper Domine adiutor meus et redemptor meus.	2026-04-27T09:21:05.801210+00:00
37f06304-1122-53b7-af64-82056785023c		227				Melius est modicum	Melius est modicum iusto super divitias peccatorum multas quoniam brachia peccatorum conterentur confirmat autem iustos Dominus.	2026-04-27T09:21:05.801210+00:00
e3480558-83cf-52a8-bd88-c4f89a11b02c		229	g02156			Memento nostri	Memento nostri Domine in beneplacito populi tui visita nos in salutari tuo ad videndum in bonitate electorum tuorum in laetitia gentis tuae ut lauderis cum hereditate tua.	2026-04-27T09:21:05.801210+00:00
19acecc5-7039-5b6c-9265-afe924e3942a		230	g00005			Mihi autem nimis	Mihi autem nimis honorati sunt amici tui Deus nimis confortatus est principatus eorum.	2026-04-27T09:21:05.801210+00:00
7398502d-7e4d-553e-b2bc-cffa8d2c8dc8		231				Miserere mei Domine miserere mei	Miserere mei Domine miserere mei quoniam in te confidit anima mea.	2026-04-27T09:21:05.801210+00:00
6674e4f5-7462-5912-97fc-77186f223cf4		232				Miserere mei Domine quoniam conturbatus est oculus	Miserere mei Domine quoniam conturbatus est oculus meus anima mea et venter meus defecitque in dolore vita mea et conturbata sunt omnia ossa mea.	2026-04-27T09:21:05.801210+00:00
fcf0f4c3-a6ff-5b0d-82e4-847ebc2e08ab		233	g01212			Miserere mihi Domine quoniam ad te clamavi	Miserere mihi Domine quoniam ad te clamavi tota die quia tu Domine suavis ac mitis es et copiosus in misericordia omnibus invocantibus te.	2026-04-27T09:21:05.801210+00:00
b4bc69f5-ed8b-5cb6-b96d-d40edfdecb30		234	g00809			Miserere mihi Domine quoniam conculcavit	Miserere mihi Domine quoniam conculcavit me homo tota die bellans tribulavit me.	2026-04-27T09:21:05.801210+00:00
6884382f-b8ec-5b20-8e68-805e6384ce6d		235	g00824			Miserere mihi Domine quoniam tribulor	Miserere mihi Domine quoniam tribulor libera me et eripe me de manibus inimicorum meorum et a persequentibus me Domine non confundar quoniam invocavi te.	2026-04-27T09:21:05.801210+00:00
23772d04-c908-57bd-b622-3997b929b76f		236	g00662			Misereris omnium	Misereris omnium Domine et nihil odisti eorum quae fecisti dissimulans peccata hominum propter paenitentiam et parcens illis quia tu es Dominus Deus noster.	2026-04-27T09:21:05.801210+00:00
d8bae4f6-e766-5992-9d51-065dd4879c4f		237				Misericordia Domini ab aeterno	Misericordia Domini ab aeterno usque in aeternum super timentes eum propitiatus est omnibus iniquitatibus meis sanavit infirmitatem meam.	2026-04-27T09:21:05.801210+00:00
4c56ffbc-69ec-5982-b349-7902fb776995		238	g01053			Misericordia Domini plena est terra	Misericordia Domini plena est terra alleluia verbo Dei caeli firmati sunt alleluia alleluia.	2026-04-27T09:21:05.801210+00:00
fbb20d94-146b-5ed7-b5d8-fb1b5eb2018d		239	g02647			Misit Dominus angelum suum	Misit Dominus angelum suum et conclusit ora leonum et non nocuerunt mihi quia coram eo iustitia inventa est in me.	2026-04-27T09:21:05.801210+00:00
9124f509-5050-5d5b-b1aa-a7433fe84baf		240	g03153			Missus est	Missus est Gabriel angelus ad Mariam Virginem desponsatam viro cui nomen Ioseph dixit ad eam ave gratia plena benedicta tu in mulieribus.	2026-04-27T09:21:05.801210+00:00
89a16aa2-490a-5ecb-a77e-522bef75779c		241				Mittet verbum	Mittet verbum suum et liquefaciet ea flabit spiritus eius et fluent aquae.	2026-04-27T09:21:05.801210+00:00
6b0606cb-e5cc-5fc5-8b1f-476584054117		242	g00227			Multae tribulationes	Multae tribulationes iustorum et de his omnibus liberabit eos Dominus Dominus custodit omnia ossa eorum unum ex his non conteretur.	2026-04-27T09:21:05.801210+00:00
fe83ca83-c355-5eeb-b228-9b2779beb3ef		243	g00736			Ne derelinquas	Ne derelinquas me Domine Deus meus ne discedas a me intende in adiutorium meum Domine virtus salutis meae.	2026-04-27T09:21:05.801210+00:00
77e196e2-ea28-58a7-bd22-18fb08b1732b		244				Ne timeas Ioachim	Ne timeas Ioachim exaudita est oratio tua et Anna uxor tua pariet tibi filiam et vocabis nomen eius Mariam et erit ab infantia Domino consecrata et adhuc in utero matris suae Spiritu Sancto plena.	2026-04-27T09:21:05.801210+00:00
ed3c8f46-56d2-5cc9-a1de-d33dcddb31dd		245	g00236			Ne timeas Zacharia	Ne timeas Zacharia exaudita est oratio tua et Elisabeth uxor tua pariet tibi filium et vocabis nomen eius Ioannem et erit magnus coram Domino et Spiritu Sancto replebitur adhuc ex utero matris suae et multi in nativitate eius gaudebunt.	2026-04-27T09:21:05.801210+00:00
7db7cbe6-8eea-55f5-970f-18f2e57dc3fd		246				Ne tradas	Ne tradas Domine bestiis animas confitentes tibi et animas pauperum tuorum ne obliviscaris in finem.	2026-04-27T09:21:05.801210+00:00
c14fa2cf-a1aa-557a-9ea5-5eea7d58d4b9		247				Nimis honorati	Nimis honorati sunt amici tui Deus nimis confortatus est principatus eorum.	2026-04-27T09:21:05.801210+00:00
0ee4b864-a3a0-5dd4-8b7f-d04920d929cc		248	g00180			Nos autem	Nos autem gloriari oportet in Cruce Domini nostri Iesu Christi in quo est salus vita et resurrectio nostra per quem salvati et liberati sumus.	2026-04-27T09:21:05.801210+00:00
dc08e925-56de-5870-9d42-e55b0315d4bb		249				Nos autem venerari	Nos autem venerari oportet sepulcrum Domini nostri Iesu Christi in quo est vita et consolatio nostra per quem renati et baptizati sumus.	2026-04-27T09:21:05.801210+00:00
ea161108-d535-533d-9d37-591dd54a53af		250	g00257			Nunc scio vere	Nunc scio vere quia misit Dominus angelum suum et eripuit me de manu Herodis et de omni exspectatione plebis Iudaeorum.	2026-04-27T09:21:05.801210+00:00
c15a6f85-db92-5465-b992-a1ea0e558232		251	g02817			O beatum virum	O beatum virum in cuius transitu sanctorum canit numerus angelorum exsultat chorus omniumque caelestium virtutum occurrit psallentium exercitus.	2026-04-27T09:21:05.801210+00:00
af185cbb-ea17-52ec-b446-18794feefe48		253				O rex regum	"O rex regum gloriae 
qui Claudium hodie 
ad regnum deducis 
fac nos eius precibus 
tam votis quam vocibus 
sic tibi placere 
ut datum pauperibus 
regnum in caelestibus 
possimus habere."	2026-04-27T09:21:05.801210+00:00
476e8ced-c1e5-5661-8cb0-4ef91a4c5181		255				Obtentu matris	Obtentu matris Annae Maria plena gratiae nobis auctorem omnium reddat semper propitium.	2026-04-27T09:21:05.801210+00:00
818e089c-34e9-5f73-a490-ce2fa16ccc5b		256				Oculi Domini	Oculi Domini super iustos et aures eius in preces illorum ideo ipse immittet angelum suum in circuitu invocantium eum et liberabit eos alleluia.	2026-04-27T09:21:05.801210+00:00
814f5382-bf26-5149-81a7-f47153bbf3e3		257	g00744			Oculi mei	Oculi mei semper ad Dominum quia ipse evellet de laqueo pedes meos respice in me et miserere mei quoniam unicus et pauper sum ego.	2026-04-27T09:21:05.801210+00:00
dd87daa8-7fb7-56b1-8dab-c4208c47a08e		258				Oculi tui Domine super gentes	Oculi tui Domine super gentes respiciant ut reminiscantur et convertantur ad te universi fines terrae et adorent in conspectu tuo Iesum Christum Filium tuum universae familiae gentium.	2026-04-27T09:21:05.801210+00:00
4658345f-b7d5-51ce-af7d-06cd3c20ad5c		259				Offerentur regi	Offerentur regi virgines post eam proximae eius offerentur tibi in laetitia et exsultatione adducentur in templum regi Domino.	2026-04-27T09:21:05.801210+00:00
57ce33d3-1ee4-5760-9408-d341ab8750ab		260	g01161			Omnes gentes plaudite	Omnes gentes plaudite manibus iubilate Deo in voce exsultationis.	2026-04-27T09:21:05.801210+00:00
d54d0c64-6a8a-50be-aea1-bc21d3357cf7		261				Omni tempore	Omni tempore benedic Deum et pete ab eo ut vias tuas dirigat et omnia consilia tua in ipso permaneant.	2026-04-27T09:21:05.801210+00:00
674bae11-0085-5917-aee4-9eba44aedd04		262	g01237			Omnia quae fecisti	Omnia quae fecisti nobis Domine in vero iudicio fecisti quia peccavimus tibi et mandatis tuis non oboedivimus sed da gloriam nomini tuo et fac nobiscum secundum multitudinem misericordiae tuae.	2026-04-27T09:21:05.801210+00:00
7df933ba-d906-5ec1-a090-80d2111b84f8		263	g00619			Omnis terra	Omnis terra adoret te Deus et psallat tibi psalmum dicat nomini tuo Altissime.	2026-04-27T09:21:05.801210+00:00
1601f27b-3c82-5553-a40f-da7cf132508b		264				Orietur stella	Orietur stella ex Iacob et consurget virga ex Israel et percutiet duces Moab vastabitque omnes filios Seth et erit Idumaea possessio eius.	2026-04-27T09:21:05.801210+00:00
71abd601-53e1-50c1-9fc6-3f9a93fda0ad		265	g01349			Os iusti	Os iusti meditabitur sapientiam et lingua eius loquetur iudicium lex Dei eius in corde ipsius.	2026-04-27T09:21:05.801210+00:00
3b3cdde4-08aa-5796-b26b-e67a03b7b9ce		266	g02537			Panem de caelo	Panem de caelo dedit eis Dominus habentem omnem delectamentum et omnem saporem suavitatis.	2026-04-27T09:21:05.801210+00:00
73128636-a0c6-5d30-be8f-e5ab0282e433		267	g02648			Parasti Domine in conspectu nostro	Parasti Domine in conspectu nostro mensam adversus eos qui tribulant nos et calix tuus inebrians quam praeclarus est.	2026-04-27T09:21:05.801210+00:00
7435b182-41e5-558d-a884-facf66894045		268				Peccatorum speculum	"Peccatorum speculum ave Magdalena 
quae digna piaculum tua mundas poena 
cum fletum et osculum cordis praestat vena."	2026-04-27T09:21:05.801210+00:00
1936864d-0429-5a4f-a711-d55c12f24c84		269				Peccavi super arenam maris	Peccavi super numerum arenae maris et multiplicata sunt peccata mea et non sum dignus videre altitudinem caeli prae multitudine iniquitatis meae quoniam irritavi iram tuam et malum coram te feci Domine.	2026-04-27T09:21:05.801210+00:00
c262a356-aa5c-5c33-8c06-7fa6df628328		271	501006			Placuit divinae providentiae	Placuit divinae providentiae egregiam urbem matris suae habitaculo decorare ut dum a populo veneratur frequenter in terris opem suae intercessionis de caelis gaudeat advenisse.	2026-04-27T09:21:05.801210+00:00
79f216db-6cf3-5ee3-bfe1-085403bdd973		272				Plangamus omnes	Plangamus omnes cum Domino diem maestissimum recolentes quo spasmavit mater eius in dolore passionis suae pro quo amare flebant angeli et plorabant omnes filii Dei.	2026-04-27T09:21:05.801210+00:00
a4d8fb9e-01bf-5d8e-b894-4eba79c64cd0		273	g00495			Populus Sion	Populus Sion ecce Dominus veniet ad salvandas gentes et auditam faciet Dominus gloriam vocis suae in laetitia cordis vestri.	2026-04-27T09:21:05.801210+00:00
0a1187b6-2186-584c-84e5-6784cdc354a5		274				Posuisti Domine	Posuisti Domine super caput eius coronam de lapide pretioso.	2026-04-27T09:21:05.801210+00:00
aa7f8073-e98d-5584-812c-427221debb53		275				Praevenerunt principes	Praevenerunt principes coniuncti psallentibus in medio iuvencularum tympanistriarum.	2026-04-27T09:21:05.801210+00:00
167b03c9-dc89-5c64-a9eb-09e62f5d01b3		276				Praeveni in maturitate	Praeveni in maturitate et clamavi quia in verbo tuo supersperavi praevenerunt oculi mei ad te diluculo ut meditarer eloquia tua.	2026-04-27T09:21:05.801210+00:00
342ae999-a450-522d-959f-d192dd6608d7		277				Precibus Barbarae laetetur	Precibus Barbarae laetetur orbis terrarum alleluia et ei qui continet omnia peccata deleatur alleluia alleluia alleluia.	2026-04-27T09:21:05.801210+00:00
5bb4b6ea-5fa6-52d1-97fe-6bc0149b5993		278	g02209			Probasti Domine	Probasti Domine cor meum et visitasti nocte igne me examinasti et non est inventa in me iniquitas.	2026-04-27T09:21:05.801210+00:00
7dc9d789-9757-5cbd-947d-d2b5f560d56c		279	g02397			Prope esto	Prope esto Domine, et omnes viae tuae veritas initio cognovi de testimoniis tuis quia in aeternum tu es.	2026-04-27T09:21:05.801210+00:00
6f4a7d71-ec65-5c86-99d0-cba8399b8353		280	g03303			Prosperum iter	Prosperum iter faciat nobis Deus salutarium nostrorum angelus Domini bonus comitetur nobiscum et disponat iter nostrum ut iterum cum gaudio revertamur ad propria.	2026-04-27T09:21:05.801210+00:00
1f6dcadc-4f6e-56aa-9551-72b4d15585fc		281	g01200			Protector noster	Protector noster aspice Deus et respice in faciem Christi tui quia melior est dies una in atriis tuis super milia.	2026-04-27T09:21:05.801210+00:00
fb0aab52-55aa-52e6-8160-d6e658743ec7		282	g01300			Protexisti	Protexisti me Deus a conventu malignantium alleluia a multitudine operantium iniquitatem alleluia alleluia.	2026-04-27T09:21:05.801210+00:00
069ae146-63fc-54be-9680-1d1fc3cecb40		283	g00553			Puer natus est	Puer natus est nobis et filius datus est nobis cuius imperium super umerum eius et vocabitur nomen eius Magni consilii angelus.	2026-04-27T09:21:05.801210+00:00
353bf0a5-350f-5905-8830-1226ee9444f4		284				Pulchra nimis	Pulchra nimis et timens Deum beata Susanna in manus accusantium maluit incidere quam in conspectu Domini peccare.	2026-04-27T09:21:05.801210+00:00
32a2b24c-3f05-560c-b282-0768f197b6de		285	g01049			Quasi modo geniti infantes	Quasi modo geniti infantes alleluia rationabiles sine dolo lac concupiscite alleluia alleluia alleluia.	2026-04-27T09:21:05.801210+00:00
15cdcb54-ffff-5b56-be27-aa7789a04b91		286				Quattuor animalia	Quattuor animalia ibant et revertebantur in similitudinem fulgoris coruscantis et erat in medio splendor ignis et de igne fulgur egrediens.	2026-04-27T09:21:05.801210+00:00
9b6735a0-7cfd-56b4-b64b-988493e40608		287				Qui subita morte	"Qui subita morte vel febre gravi cruciantur 
huius patroni prece vel meritis relevantur 
illaesi meritis precibusque piis famulentur."	2026-04-27T09:21:05.801210+00:00
3bb40cc4-a9b1-5b73-9cbb-afc9519d9528		288	g01538			Recordare Domine testamenti	Recordare Domine testamenti tui et dic angelo percutienti cesset iam manus tua et non desoletur terra et ne perdas omnem animam viventem.	2026-04-27T09:21:05.801210+00:00
0b636880-beff-5c70-9b98-37c0f8c00278		289				Recordare mater pia	Recordare mater pia mucronis prophetia Simeonis cordi tuo quem infixit mortem nati tui dum praedixit.	2026-04-27T09:21:05.801210+00:00
665e2983-ecb1-57bc-8bb4-9111da58daf7		727				Recordare mei et visita me	Recordare mei et visita me ut glorificem te in die visitationis visitatio enim tua custodivit spiritum meum.	2026-04-27T09:21:05.801210+00:00
f26af5ee-bb9d-55af-b99a-7c546a7a0cc7		290	g00728			Redime me	Redime me Domine et miserere mei pes enim meus stetit in via recta in ecclesiis benedicam Dominum.	2026-04-27T09:21:05.801210+00:00
d21fa5d3-12a3-527b-9d4e-465e3a1379cc		291				Reges Tharsis	Reges Tharsis et insulae munera offerent reges Arabum et Saba dona adducent et adorabunt eum omnes reges terrae.	2026-04-27T09:21:05.801210+00:00
58b11ef3-e17f-52f3-af0f-2c4a39a8a7ac		292	g02020			Reminiscere	Reminiscere miserationum tuarum Domine et misericordiae tuae quae a saeculo sunt ne umquam dominentur nobis inimici nostri libera nos Deus Israel ex omnibus angustiis nostris.	2026-04-27T09:21:05.801210+00:00
423e6b14-c74c-5c07-be49-e1d48f381acf		293	g01106			Repleatur os meum	Repleatur os meum laude tua alleluia ut possim cantare alleluia gaudebunt labia mea dum cantavero tibi alleluia alleluia.	2026-04-27T09:21:05.801210+00:00
d98ac43b-86b2-550e-bbf7-cb935f21eec6		294	g01566			Requiem aeternam	Requiem aeternam dona eis Domine et lux perpetua luceat eis.	2026-04-27T09:21:05.801210+00:00
b0c2f063-ffd9-5381-a8cd-ff7d6d09933e		295				Respexit Elias	Respexit Elias et ecce ad caput suum subcinericius panis et vas aqua qui consurgens comedit et bibit et rursum obdormivit.	2026-04-27T09:21:05.801210+00:00
230b4257-8b87-598e-b6b7-b12f910d68e8		296				Respice Domine de excelso	Respice Domine de excelso in faciem Christi tui sancto velatam sudario et non recedant ab oculis tuis cicatrices eius in perpetuum qui tibi oboediens factus est usque ad mortem.	2026-04-27T09:21:05.801210+00:00
47ab612f-cdec-5ddf-9049-9b35ea536f18		297	g01194			Respice Domine in testamentum	Respice Domine in testamentum tuum et animas pauperum tuorum ne derelinquas in finem exsurge Domine et iudica causam tuam et ne obliviscaris voces quaerentium te.	2026-04-27T09:21:05.801210+00:00
54951dfb-0ca9-56c5-941b-b7d3cd6a8a8f		298	g01145			Respice in me	Respice in me et miserere mei Domine quoniam unicus et pauper sum ego vide humilitatem meam et laborem meum et dimitte omnia peccata mea Deus meus.	2026-04-27T09:21:05.801210+00:00
92cffa19-62ad-54e0-a6e4-70e75cfc9607		299	g01007			Resurrexi	Resurrexi et adhuc tecum sum alleluia posuisti super me manum tuam alleluia mirabilis facta est scientia tua alleluia alleluia.	2026-04-27T09:21:05.801210+00:00
dfe26fe7-9694-5407-ac98-97ff97b6b566		300	g00529			Rorate caeli	Rorate caeli desuper et nubes pluant iustum aperiatur terra et germinet Salvatorem.	2026-04-27T09:21:05.801210+00:00
e6af2390-9181-5190-ace9-848ae1c67489		301	g01280			Sacerdotes Dei	Sacerdotes Dei benedicite Dominum sancti et humiles corde laudate Deum.	2026-04-27T09:21:05.801210+00:00
0fe5324b-4be8-5504-aea4-48c715aea7c1		302	g02264			Sacerdotes eius	Sacerdotes eius induam salutari et sancti eius exsultatione exsultabunt.	2026-04-27T09:21:05.801210+00:00
c8d879c6-e83a-53a2-a769-818710f38e82		303	g01338			Sacerdotes tui	Sacerdotes tui Domine induant iustitiam et sancti tui exsultent propter David servum tuum non avertas faciem Christi tui.	2026-04-27T09:21:05.801210+00:00
71f17edc-2de3-52b7-a13e-9ba900110a5b		304				Sacrificent Domino	Sacrificent Domino sacrificium laudis et annuntient opera eius in exsultatione qui descendunt mare in navibus facientes operationem in aquis multis.	2026-04-27T09:21:05.801210+00:00
01ce4806-8dc3-5fe0-beda-af6d2ebbaf73		305	g01325			Salus autem iustorum	Salus autem iustorum a Domino et protector eorum est in tempore tribulationis.	2026-04-27T09:21:05.801210+00:00
d9bdbcd6-e50c-5d16-b74c-c981651c6017		306	g01233			Salus populi	Salus populi ego sum dicit Dominus de quacumque tribulatione clamaverint ad me exaudiam eos et ero illorum Dominus in perpetuum.	2026-04-27T09:21:05.801210+00:00
1ea984dd-f0de-5123-83df-5c727bd2852f		307				Salvator noster	Salvator noster aspice Deus et respice in fidem Ecclesiae tuae neque despicias voces fidelium tuorum qui colunt nomen tuum ne umquam dominentur nobis barbarae nationes exsurge Christe et esto in adiutorium nostrum.	2026-04-27T09:21:05.801210+00:00
b8ac93bc-0072-521a-95ea-a9dc12042060		308				Salve radix	"Salve radix sancta 
salve mundi gloria 
o Maria flos virginum 
velut rosa vel lilium 
tuum pro nobis deprecare Filium."	2026-04-27T09:21:05.801210+00:00
3ff72d00-a1b4-50f6-a3cf-ee59fc0506b6		309				Salve sancta candida rosa	Salve sancte candida rosa quae nostros cottidianis miris recreans spiritus Patris omnipotentiam de summo mittendo Filii sapientiam te accipiendo Spiritus Sancti bonitatem de aquis multis assumendo te propalas advenisse regium viridarium et gratiarum orientalem fontem alleluia alleluia alleluia.	2026-04-27T09:21:05.801210+00:00
17550afc-3d8e-5fda-9522-1caf9bc4b44d		310				Salve sancta Dei facies	Salve sancta Dei facies bona cuncta creantis qui caelum terramque regit in saecula saeculorum.	2026-04-27T09:21:05.801210+00:00
20ba7c60-0d68-572a-ab4e-4994ad893676		311				Salve sancta mater concepta	Salve sancta mater concepta filia digna qua caelum terra radiat regina caelorum.	2026-04-27T09:21:05.801210+00:00
92b5c4e0-a1b1-5e29-826f-1190ce9c5c0f		312	g01408			Salve sancta parens	"Salve sancta parens enixa puerpera regem 
qui caelum terramque regit in saecula saeculorum."	2026-04-27T09:21:05.801210+00:00
279540bd-690a-5c34-b829-f5b06fd98501		313				Salve sancte custos	Salve sancte custos quem ad mei custodiam divina pietas destinavit cui sit honor et gloria in saecula saeculorum.	2026-04-27T09:21:05.801210+00:00
90bd5b0b-d1b5-5c53-9304-e807edd716ae		314				Salve sancte Ioseph	Salve sancte Ioseph marite Genitricis Deique custos qui Iesum vidisti natum in saecula saeculorum amen.	2026-04-27T09:21:05.801210+00:00
94ef018c-2df4-5cee-a837-39b228bf49fd		315				Salvos nos fac	Salvos nos fac Domine Deus noster et congrega nos de nationibus ut confiteamur nomini tuo et gloriemur unanimes in domo tua.	2026-04-27T09:21:05.801210+00:00
23fdc676-fe67-5d45-a8d4-3fe14f559626		316				Salvum me fac quoniam intraverunt aquae	Salvum me fac Deus quoniam intraverunt aquae usque ad animam meam infixus sum in limo profundi et non est substantia veni in altitudinem maris et tempestas demersit me.	2026-04-27T09:21:05.801210+00:00
359da854-70ab-5d71-b401-65485664acd6		317	g00041			Sancti tui	Sancti tui Domine benedicent te et gloriam regni tui dicent alleluia.	2026-04-27T09:21:05.801210+00:00
0541d1fc-0489-5e7d-a992-2bf76de171f4		318				Sanctificent Domino	Sacrificent Domino sacrificium laudis et annuntient opera eius in exsultatione qui descendunt mare in navibus facientes operationem in aquis multis.	2026-04-27T09:21:05.801210+00:00
0406c880-4b1e-5b11-b465-649fd3f6f080		319	g02339			Sanctus Deus	Sanctus Deus sanctus fortis sanctus et immortalis qui tollis peccata mundi miserere nobis.	2026-04-27T09:21:05.801210+00:00
0fabdc8b-0465-581b-86f0-d629229dd775		320	g01319			Sapientiam sanctorum	Sapientiam sanctorum narrent populi et laudem eorum nuntiet Ecclesia nomina autem eorum vivent in saeculum saeculi.	2026-04-27T09:21:05.801210+00:00
cfc52e17-72e8-571d-9dfb-79e14bc93376		321	g00045			Scio cui credidi	Scio cui credidi et certus sum quia potens est depositum meum servare in illum diem.	2026-04-27T09:21:05.801210+00:00
5d6480e2-b03c-5bb8-b934-c85aaddc49c3		322				Scio quod Redemptor	Scio quod Redemptor meus vivit et in novissimo die de terra surrecturus sum et rursum circumdabor pelle mea et in carne mea videbo Deum Salvatorem meum alleluia.	2026-04-27T09:21:05.801210+00:00
8d2591e6-4815-5be9-8ae6-35f6a9dba8d0		323				Scitote quoniam	Scitote quoniam mirificavit Dominus sanctum suum Dominus exaudivit eum stola gloriae induit eum.	2026-04-27T09:21:05.801210+00:00
7400ab2b-5381-5f11-ab54-91ef080c4fe2		324				Semen pacis	Semen pacis erit vinea dabit fructum suum et terra dabit germen suum et caeli dabunt rorem suum et possidere faciam reliquias populi huius universa haec.	2026-04-27T09:21:05.801210+00:00
ccadd74b-a8a8-536f-821b-80cc5b081247		325				Sentiens de Domino	Sentiens de Domino in bonitate et simplicitate cordis quaerebat illum quoniam ab his invenitur qui non tentant illum apparet autem eis qui fidem habent in illum.	2026-04-27T09:21:05.801210+00:00
a28a44c2-da48-56f0-b856-9dfe11b02aa6		326	g02389			Si enim credimus	Si enim credimus quod Iesus mortuus fuerat et resurrexit ita et Deus eos qui dormierunt per Iesum adducet cum eo.	2026-04-27T09:21:05.801210+00:00
64f37cdf-615a-5271-a53d-1b2481ae8802		327	g01247			Si iniquitates	Si iniquitates observaveris Domine Domine quis sustinebit quia apud te propitiatio est Deus Israel.	2026-04-27T09:21:05.801210+00:00
f1a6a2bd-6a37-5446-955c-ebd5e1aadeda		328	g00693			Sicut oculi	Sicut oculi servorum in manibus dominorum suorum ita oculi nostri ad Dominum Deum nostrum donec misereatur nostri miserere nobis Domine miserere nobis.	2026-04-27T09:21:05.801210+00:00
b7aad6ff-b60c-500e-ace1-cd771ad7d529		329				Signa eos qui crediderint	Signa eos qui crediderint haec sequentur in nomine meo daemonia eiicient super aegros manus imponent et bene habebunt.	2026-04-27T09:21:05.801210+00:00
41d8ad6f-453e-5b60-8754-8d10b025d47f		330	g00795			Sitientes	Sitientes venite ad aquas dicit Dominus et qui non habetis pretium venite et bibite cum laetitia.	2026-04-27T09:21:05.801210+00:00
f6d0757e-3e02-5ce9-b75f-b93e2fb8d3dd		331	g02645			Sperent in te	Sperent in te qui noverunt nomen tuum quoniam non derelinquis quaerentes te psallite Domino qui habitat in Sion.	2026-04-27T09:21:05.801210+00:00
2c50c9b9-db72-5113-a2ff-dca31c650a7d		332	g01090			Spiritus Domini	Spiritus Domini replevit orbem terrarum alleluia et hoc quod continet omnia scientiam habet vocis alleluia alleluia alleluia.	2026-04-27T09:21:05.801210+00:00
1fc6e08b-52d0-5864-9a04-4eaf7a784bb4		333				Sponsa Christi	"Sponsa Christi Barbara 
gaudet inter verbera 
nulla movent promissa 
nec terrent supplicia 
caritate involuta 
tendit ad caelestia."	2026-04-27T09:21:05.801210+00:00
90307314-bf0c-59d7-9334-6d4efc1d677f		334				Stabant iuxta Crucem	Stabant iuxta Crucem Iesu mater eius soror matris eius Maria Cleophae et Salome et Maria Magdalena.	2026-04-27T09:21:05.801210+00:00
bd7fcd58-f7ea-5808-827d-ea298f158ac8		335	g01271			Statuit ei Dominus	Statuit ei Dominus testamentum pacis et principem fecit eum ut sit illi sacerdotii dignitas in aeternum.	2026-04-27T09:21:05.801210+00:00
bc23bd99-cfdc-5ff2-b429-109930637ee0		337				Succurre miseris	Succurre miseris regina misericordiae et illos tuos misericordes oculos ad nos exsules filios Evae converte quos in hac lacrimarum valle angustiae premunt succurre inquam domina quia ad te clamantes et in te sperantes numquam deseruisti.	2026-04-27T09:21:05.801210+00:00
3a4c3806-fda4-5dbf-b16f-42bca5b9edd6		338	g01167			Suscepimus	Suscepimus Deus misericordiam tuam in medio templi tui secundum nomen tuum Deus ita et laus tua in fines terrae iustitia plena est dextera tua.	2026-04-27T09:21:05.801210+00:00
fba3e813-277c-5534-92a8-d165939e460b		339	g01492			Suscitabo mihi	Suscitabo mihi sacerdotem fidelem qui iuxta cor meum et animam meam faciet et aedificabo ei domum fidelem et ambulabit coram Christo meo cunctis diebus.	2026-04-27T09:21:05.801210+00:00
ebe2ea9f-a7bb-59d8-bd3a-d0ccbdeefcfa		340	g00126			Tenuisti manum	Tenuisti manum dexteram meam Domine et voluntate tua deduxisti me et cum gloria suscepisti me.	2026-04-27T09:21:05.801210+00:00
772762e9-f78e-5395-941b-ea7b40160042		341				Terra tremuit	Terra tremuit et quievit alleluia dum exsurgeret in oratione Iustus alleluia ideo exsultemus et laetemur in eo alleluia alleluia.	2026-04-27T09:21:05.801210+00:00
b72e8e1e-03b5-5e54-9997-4bb0f3728ba5		342	g01401			Terribilis est	Terribilis est locus iste hic domus Dei est et porta caeli et vocabitur aula Dei.	2026-04-27T09:21:05.801210+00:00
65337dec-c40a-513d-8248-a1615895b1be		343	g00733			Tibi dixit	Tibi dixit cor meum quaesivi vultum tuum vultum tuum Domine requiram ne avertas faciem tuam a me.	2026-04-27T09:21:05.801210+00:00
22d380d4-7ac5-57df-a3ff-933dff34223a		344	g00324			Timete Dominum	Timete Dominum omnes sancti eius quoniam nihil deest timentibus eum divites eguerunt et esurierunt inquirentes autem Dominum non deficient omni bono.	2026-04-27T09:21:05.801210+00:00
6a361506-7bef-561b-a2ca-0574e66ecb44		345	g03483			Transite ad me	Transite ad me omnes qui concupiscitis me et a generationibus meis implemini.	2026-04-27T09:21:05.801210+00:00
71a86d09-95e0-5c47-9e4b-29426f2b7882		346	g03784			Tu es Petrus	Tu es Petrus et super hanc petram aedificabo Ecclesiam meam et portae inferi non praevalebunt adversus eam.	2026-04-27T09:21:05.801210+00:00
7afeff3d-60ce-5999-970c-e1fa14358308		347				Turba gaude	"Turba gaude nunc reorum et spem firmam suscipe 
furem et blasphematorem sanctum ecce percipe."	2026-04-27T09:21:05.801210+00:00
8105f6d1-e616-544f-8464-dfe99fb09a4d		348				Usquequo Domine	Usquequo Domine irasceris in finem accendetur velut ignis zelus tuus effunde iram tuam in gentes quae te non noverunt et in regna quae te non invocaverunt.	2026-04-27T09:21:05.801210+00:00
c6b62459-a1b8-5112-93db-76761ee22a8e		349				Uxor tua	Uxor tua sicut vitis abundans in lateribus domus tuae et filii tui sicut novellae olivarum in circuitu mensae tuae.	2026-04-27T09:21:05.801210+00:00
03808457-d2cd-5006-bbb0-1154b2ee1de5		350				Veneremur omnes	Veneremur omnes in Domino voce corde nisu toto sanctitatem Genovefae virginis de cuius suffragiis gaudent populi et collaudant Filium Dei.	2026-04-27T09:21:05.801210+00:00
b5f6f940-b6ad-56be-9686-a72cc89e9086		351	g00514			Veni et ostende	Veni et ostende nobis faciem tuam Domine qui sedes super Cherubim et salvi erimus.	2026-04-27T09:21:05.801210+00:00
752705c7-26f3-5219-9cd8-4863e4b42dcd		352				Veni in altitudinem	Veni in altitudinem maris et tempestas dimersit me defecerunt oculi mei dum spero in Deum meum.	2026-04-27T09:21:05.801210+00:00
b832e673-47aa-51cf-9978-d2519afb49d7		353				Veni pulcherrima mea	Veni pulcherrima mea veni sponsa gloriosa accipe coronam tui certaminis et requiesce cum sanctis meis in regno patris mei qui est in caelis.	2026-04-27T09:21:05.801210+00:00
15b71439-0ff2-58e5-8b79-7c91686df489		354				Venite ad me omnes	Venite ad me omnes qui concupiscitis me alleluia et a generationibus meis adimplemini alleluia alleluia.	2026-04-27T09:21:05.801210+00:00
5efbdad7-32c5-5d0a-b7a1-de8be82d4213		355	g01227			Venite adoremus	Venite adoremus Deum et procidamus ante Dominum ploremus ante eum qui fecit nos quia ipse est Dominus Deus noster.	2026-04-27T09:21:05.801210+00:00
8fb84c38-7219-522b-9f31-5b0755855103		356	g01026			Venite benedicti	Venite benedicti Patris mei percipite regnum alleluia quod vobis paratum est ab origine mundi alleluia alleluia alleluia.	2026-04-27T09:21:05.801210+00:00
b21f048c-5a3b-5807-8d60-0d0d10a4d0fb		357	g00771			Verba mea	Verba mea auribus percipe Domine intellige clamorem meum intende voci orationis meae.	2026-04-27T09:21:05.801210+00:00
1ffa841a-ba09-5e5b-95a6-4d575416f1c2		358				Vestigia eius	Vestigia eius secutus est pes meus nam de mari vocatus relictis omnibus secutus sum Dominum Christum.	2026-04-27T09:21:05.801210+00:00
d6ee14a4-86f6-5e18-9f29-f7f6977d7b67		359	g01032			Victricem manum	Victricem manum tuam laudaverunt pariter alleluia quia sapientia aperuit os muti et linguas infantium fecit dissertas alleluia alleluia.	2026-04-27T09:21:05.801210+00:00
cb852658-36ab-588e-9580-63ed5e90ba6c		360				Vide Domine quoniam tribulor	Vide Domine quoniam tribulor conturbatus est venter meus submersum est cor meum in memetipsa quoniam amaritudine plena sum.	2026-04-27T09:21:05.801210+00:00
a003fbda-1f04-5fbd-b45f-5b3ad1b37a74		361	g02699			Viderunt ingressus tuos	Viderunt ingressus tuos Deus ingressus Dei mei regis mei qui est in sancto.	2026-04-27T09:21:05.801210+00:00
da5ac4a6-760c-5fc4-a625-b47c44699ed8		362				Viderunt te aquae	Viderunt te aquae Deus viderunt te aquae et timuerunt multitudo sonitus aquarum ab increpatione tua fugient ut educas panem de terra et herbam servituti hominum.	2026-04-27T09:21:05.801210+00:00
142e7a47-d658-50ad-bd5c-5e659fc5a86f		363				Vidi aquam	Vidi aquam egredientem de templo a latere dextro et omnes ad quos pervenit aqua ista salvi facti sunt.	2026-04-27T09:21:05.801210+00:00
7bf34463-73e2-5818-95ca-649068b4bf41		364				Vir Dei Benedictus	Vir Dei Benedictus mundi gloriam despexit et reliquit quoniam Dei Spiritus erat cum eo.	2026-04-27T09:21:05.801210+00:00
cf7a55a4-6b6e-5c23-9fec-ac90106e5b76		366				Virga tua et baculus tuus	Virga tua et baculus tuus ipsa me consolata sunt parasti in conspectu tuo mensam adversus eos qui tribulant me.	2026-04-27T09:21:05.801210+00:00
fe5c162b-b614-5ec2-ac8b-aaccd235853b		367	g01079			Viri Galilaei	Viri Galilaei quid admiramini aspicientes in caelum alleluia quemadmodum vidistis eum ascendentem in caelum ita veniet alleluia alleluia alleluia.	2026-04-27T09:21:05.801210+00:00
9ac5dc2c-a3f9-55cd-9c8f-66d34e58ca15		368				Visita terram	Visita terram tuam Domine et inebria eam aquis multiplica locupletare eam.	2026-04-27T09:21:05.801210+00:00
03a7b461-6576-59b9-9bc9-6b75998a74e8		369	g01067			Vocem iucunditatis	Vocem iucunditatis annuntiate et audiatur alleluia nuntiate usque ad extremum terrae liberavit Dominus populum suum alleluia alleluia.	2026-04-27T09:21:05.801210+00:00
0592714b-cf89-5a58-899c-9cf776f8bbc6		370				Vos omnes	Vos omnes qui transitis per viam attendite et videte si est dolor similis sicut dolor meus.	2026-04-27T09:21:05.801210+00:00
60e17e16-46d0-59ca-b550-dbcc70f36e06		371				Vox de caelis Catherinae redditur	Vox de caelis Catherinae redditur veni sponsa gloriosa veni sanctissima virgo accipere praemium tui certaminis inter choros angelorum.	2026-04-27T09:21:05.801210+00:00
64562509-a337-58c4-8d7b-a39d5e5422d1		372				Vox Domini super aquas	Vox Domini super aquas Deus maiestatis intonuit Dominus super aquas multas.	2026-04-27T09:21:05.801210+00:00
3e55fa9d-cf57-5393-83d9-699942808a47		373	g01390			Vultum tuum	Vultum tuum deprecabuntur omnes divites plebis adducentur regi virgines post eam proximae eius adducentur tibi in laetitia et exsultatione	2026-04-27T09:21:05.801210+00:00
